,beer_rating,ba_score,no_reviews,no_ratings,abv,state,style_cat,avail_One-off,avail_Retired (no longer brewed),avail_Rotating,avail_Spring,avail_Summer,avail_Winter,avail_Year-round,state_Northeast,state_South,state_West,state_World,style_cat_belgian,style_cat_dark,style_cat_hoppy,style_cat_light,style_cat_seasonal,style_cat_wild
0,3.97,89.0,268,1,5.5,West,hoppy,0,0,1,0,0,0,0,0,0,1,0,0,0,1,0,0,0
1,4.06,89.0,10,102,12.6,West,dark,0,1,0,0,0,0,0,0,0,1,0,0,1,0,0,0,0
2,3.9,,6,9,4.5,Northeast,dark,0,1,0,0,0,0,0,1,0,0,0,0,1,0,0,0,0
3,3.76,85.0,15,102,9.0,South,belgian,0,1,0,0,0,0,0,0,1,0,0,1,0,0,0,0,0
4,3.94,87.0,13,53,10.0,South,belgian,0,1,0,0,0,0,0,0,1,0,0,1,0,0,0,0,0
5,4.03,87.0,15,35,7.0,South,belgian,0,1,0,0,0,0,0,0,1,0,0,1,0,0,0,0,0
6,2.94,,1,2,5.0,Midwest,amber,0,0,1,0,0,0,0,0,0,0,0,0,0,0,0,0,0
7,3.66,83.0,839,3,5.4,South,hoppy,0,0,0,0,0,0,1,0,1,0,0,0,0,1,0,0,0
8,4.02,90.0,161,460,6.0,World,dark,0,0,1,0,0,0,0,0,0,0,1,0,1,0,0,0,0
9,3.88,87.0,129,422,6.5,West,hoppy,0,1,0,0,0,0,0,0,0,1,0,0,0,1,0,0,0
10,3.95,86.0,6,14,6.0,West,hoppy,0,1,0,0,0,0,0,0,0,1,0,0,0,1,0,0,0
11,3.99,89.0,34,316,6.3,West,wild,0,1,0,0,0,0,0,0,0,1,0,0,0,0,0,0,1
12,3.69,83.0,123,596,6.4,Midwest,amber,0,1,0,0,0,0,0,0,0,0,0,0,0,0,0,0,0
13,4.13,90.0,46,47,,Northeast,dark,0,1,0,0,0,0,0,1,0,0,0,0,1,0,0,0,0
14,3.95,88.0,343,531,8.3,West,light,0,1,0,0,0,0,0,0,0,1,0,0,0,0,1,0,0
15,4.24,94.0,666,1,9.2,West,dark,0,1,0,0,0,0,0,0,0,1,0,0,1,0,0,0,0
16,4.22,93.0,465,808,9.2,West,dark,0,1,0,0,0,0,0,0,0,1,0,0,1,0,0,0,0
17,4.16,92.0,437,824,10.2,West,dark,0,1,0,0,0,0,0,0,0,1,0,0,1,0,0,0,0
18,3.66,83.0,839,3,5.4,South,hoppy,0,0,0,0,0,0,1,0,1,0,0,0,0,1,0,0,0
19,4.06,90.0,14,108,8.0,South,hoppy,0,1,0,0,0,0,0,0,1,0,0,0,0,1,0,0,0
20,4.0,89.0,102,388,6.0,South,hoppy,0,0,1,0,0,0,0,0,1,0,0,0,0,1,0,0,0
21,4.01,90.0,16,62,9.7,West,hoppy,0,1,0,0,0,0,0,0,0,1,0,0,0,1,0,0,0
22,4.3,,1,1,,West,light,0,1,0,0,0,0,0,0,0,1,0,0,0,0,1,0,0
23,3.94,88.0,816,2,9.2,West,hoppy,0,0,1,0,0,0,0,0,0,1,0,0,0,1,0,0,0
24,4.07,90.0,38,91,6.5,Northeast,hoppy,0,0,1,0,0,0,0,1,0,0,0,0,0,1,0,0,0
25,3.39,,1,6,5.2,South,light,0,0,1,0,0,0,0,0,1,0,0,0,0,0,1,0,0
26,3.88,87.0,160,760,7.2,West,dark,0,0,1,0,0,0,0,0,0,1,0,0,1,0,0,0,0
27,4.21,93.0,7,66,,South,wild,0,1,0,0,0,0,0,0,1,0,0,0,0,0,0,0,1
28,4.24,94.0,611,3,8.7,West,hoppy,0,0,1,0,0,0,0,0,0,1,0,0,0,1,0,0,0
29,4.22,94.0,1,9,7.5,West,hoppy,0,0,0,0,0,0,1,0,0,1,0,0,0,1,0,0,0
30,3.78,,2,7,6.0,World,belgian,0,0,0,0,0,0,1,0,0,0,1,1,0,0,0,0,0
31,3.42,78.0,273,1,4.2,West,seasonal,0,0,1,0,0,0,0,0,0,1,0,0,0,0,0,1,0
32,3.66,83.0,839,3,5.4,South,hoppy,0,0,0,0,0,0,1,0,1,0,0,0,0,1,0,0,0
33,4.14,90.0,5,16,7.3,Northeast,hoppy,0,0,1,0,0,0,0,1,0,0,0,0,0,1,0,0,0
34,3.78,,0,1,5.5,West,light,0,0,1,0,0,0,0,0,0,1,0,0,0,0,1,0,0
35,3.78,85.0,311,682,8.0,West,hoppy,0,0,0,0,0,0,1,0,0,1,0,0,0,1,0,0,0
36,3.86,86.0,15,65,7.5,Northeast,amber,0,0,0,0,0,0,0,1,0,0,0,0,0,0,0,0,0
37,3.8,85.0,478,1,4.7,World,amber,0,0,0,0,0,0,1,0,0,0,1,0,0,0,0,0,0
38,3.91,,1,8,6.5,West,belgian,0,0,1,0,0,0,0,0,0,1,0,1,0,0,0,0,0
39,3.87,88.0,6,26,11.0,West,hoppy,0,1,0,0,0,0,0,0,0,1,0,0,0,1,0,0,0
40,4.33,96.0,300,1,11.0,Midwest,dark,0,1,0,0,0,0,0,0,0,0,0,0,1,0,0,0,0
41,4.33,96.0,300,1,11.0,Midwest,dark,0,1,0,0,0,0,0,0,0,0,0,0,1,0,0,0,0
42,3.99,89.0,928,1,5.9,West,hoppy,0,1,0,0,0,0,0,0,0,1,0,0,0,1,0,0,0
43,3.99,89.0,928,1,5.9,West,hoppy,0,1,0,0,0,0,0,0,0,1,0,0,0,1,0,0,0
44,4.13,92.0,287,621,8.0,World,dark,0,0,0,0,0,0,1,0,0,0,1,0,1,0,0,0,0
45,3.83,86.0,231,956,5.7,West,wild,0,0,0,0,0,0,1,0,0,1,0,0,0,0,0,0,1
46,3.86,87.0,1,3,5.5,West,amber,0,0,0,0,0,0,0,0,0,1,0,0,0,0,0,0,0
47,3.31,76.0,481,1,4.4,West,amber,0,0,0,0,0,0,1,0,0,1,0,0,0,0,0,0,0
48,3.6,,1,4,6.5,West,light,0,1,0,0,0,0,0,0,0,1,0,0,0,0,1,0,0
49,4.11,,2,2,8.0,Midwest,wild,0,1,0,0,0,0,0,0,0,0,0,0,0,0,0,0,1
50,3.84,87.0,22,72,8.5,Midwest,dark,0,0,1,0,0,0,0,0,0,0,0,0,1,0,0,0,0
51,3.95,,0,3,8.5,South,dark,0,1,0,0,0,0,0,0,1,0,0,0,1,0,0,0,0
52,3.61,82.0,3,11,5.2,World,light,0,0,0,0,0,0,1,0,0,0,1,0,0,0,1,0,0
53,3.61,82.0,3,12,7.2,West,belgian,0,0,1,0,0,0,0,0,0,1,0,1,0,0,0,0,0
54,2.77,67.0,172,200,4.2,Midwest,dark,0,1,0,0,0,0,0,0,0,0,0,0,1,0,0,0,0
55,4.06,91.0,10,24,9.5,West,dark,0,1,0,0,0,0,0,0,0,1,0,0,1,0,0,0,0
56,4.35,96.0,296,1,13.0,West,dark,0,0,1,0,0,0,0,0,0,1,0,0,1,0,0,0,0
57,3.97,86.0,3,10,13.5,Midwest,light,0,1,0,0,0,0,0,0,0,0,0,0,0,0,1,0,0
58,4.18,93.0,349,1,12.0,Midwest,dark,0,1,0,0,0,0,0,0,0,0,0,0,1,0,0,0,0
59,4.48,98.0,95,521,10.5,West,dark,0,1,0,0,0,0,0,0,0,1,0,0,1,0,0,0,0
60,4.13,89.0,6,16,10.2,West,dark,0,1,0,0,0,0,0,0,0,1,0,0,1,0,0,0,0
61,3.85,86.0,349,737,8.7,West,light,0,0,1,0,0,0,0,0,0,1,0,0,0,0,1,0,0
62,3.59,82.0,82,219,8.47,Midwest,belgian,0,0,1,0,0,0,0,0,0,0,0,1,0,0,0,0,0
63,3.62,81.0,9,42,5.3,Northeast,light,0,0,0,0,0,0,1,1,0,0,0,0,0,0,1,0,0
64,2.94,69.0,174,248,5.4,Midwest,light,0,0,0,0,1,0,0,0,0,0,0,0,0,0,1,0,0
65,4.35,96.0,296,1,13.0,West,dark,0,0,1,0,0,0,0,0,0,1,0,0,1,0,0,0,0
66,3.92,88.0,318,1,7.0,West,light,0,1,0,0,0,0,0,0,0,1,0,0,0,0,1,0,0
67,3.83,86.0,233,1,6.8,West,dark,0,1,0,0,0,0,0,0,0,1,0,0,1,0,0,0,0
68,3.85,87.0,9,44,2.7,Northeast,wild,0,0,1,0,0,0,0,1,0,0,0,0,0,0,0,0,1
69,3.49,79.0,155,1,4.7,West,light,0,0,1,0,0,0,0,0,0,1,0,0,0,0,1,0,0
70,3.96,88.0,10,38,6.0,West,dark,0,1,0,0,0,0,0,0,0,1,0,0,1,0,0,0,0
71,3.31,,1,2,6.0,Northeast,belgian,0,0,1,0,0,0,0,1,0,0,0,1,0,0,0,0,0
72,3.7,83.0,21,21,4.8,South,amber,0,1,0,0,0,0,0,0,1,0,0,0,0,0,0,0,0
73,3.29,77.0,7,13,4.1,World,amber,0,0,0,0,0,0,1,0,0,0,1,0,0,0,0,0,0
74,4.04,90.0,150,227,6.5,Northeast,hoppy,0,0,0,0,0,0,1,1,0,0,0,0,0,1,0,0,0
75,3.74,83.0,7,29,5.0,Northeast,belgian,0,0,1,0,0,0,0,1,0,0,0,1,0,0,0,0,0
76,4.61,100.0,70,524,13.0,World,dark,0,0,1,0,0,0,0,0,0,0,1,0,1,0,0,0,0
77,3.74,84.0,128,746,6.7,West,hoppy,0,1,0,0,0,0,0,0,0,1,0,0,0,1,0,0,0
78,3.47,79.0,43,131,5.2,World,light,0,0,0,0,0,0,1,0,0,0,1,0,0,0,1,0,0
79,4.03,89.0,104,198,5.5,Northeast,dark,0,0,0,0,0,0,1,1,0,0,0,0,1,0,0,0,0
80,3.73,85.0,22,60,,West,dark,0,0,0,0,0,0,1,0,0,1,0,0,1,0,0,0,0
81,3.95,,4,9,6.4,Northeast,belgian,0,0,1,0,0,0,0,1,0,0,0,1,0,0,0,0,0
82,3.21,,3,5,4.8,West,belgian,0,1,0,0,0,0,0,0,0,1,0,1,0,0,0,0,0
83,3.3,82.0,2,14,6.8,West,dark,0,1,0,0,0,0,0,0,0,1,0,0,1,0,0,0,0
84,3.76,85.0,176,1,6.3,West,light,0,1,0,0,0,0,0,0,0,1,0,0,0,0,1,0,0
85,3.87,87.0,97,392,8.5,West,amber,0,1,0,0,0,0,0,0,0,1,0,0,0,0,0,0,0
86,3.92,88.0,12,103,3.8,West,belgian,0,1,0,0,0,0,0,0,0,1,0,1,0,0,0,0,0
87,3.47,79.0,366,1,4.7,Northeast,wild,0,0,0,0,0,0,1,1,0,0,0,0,0,0,0,0,1
88,3.65,83.0,80,98,6.9,Midwest,dark,0,1,0,0,0,0,0,0,0,0,0,0,1,0,0,0,0
89,4.18,93.0,276,1,12.2,West,dark,0,0,1,0,0,0,0,0,0,1,0,0,1,0,0,0,0
90,3.92,,1,2,6.1,West,dark,0,1,0,0,0,0,0,0,0,1,0,0,1,0,0,0,0
91,3.89,87.0,132,624,6.6,Midwest,wild,0,0,1,0,0,0,0,0,0,0,0,0,0,0,0,0,1
92,4.2,93.0,138,562,7.2,West,hoppy,0,0,1,0,0,0,0,0,0,1,0,0,0,1,0,0,0
93,3.8,85.0,13,157,5.1,South,amber,0,0,0,0,0,0,1,0,1,0,0,0,0,0,0,0,0
94,3.98,,1,3,6.3,Northeast,light,0,0,0,1,0,0,0,1,0,0,0,0,0,0,1,0,0
95,4.41,98.0,540,2,7.7,West,hoppy,0,0,0,0,0,0,0,0,0,1,0,0,0,1,0,0,0
96,3.8,86.0,84,151,5.3,Northeast,dark,0,1,0,0,0,0,0,1,0,0,0,0,1,0,0,0,0
97,4.01,88.0,12,35,7.0,West,dark,0,0,1,0,0,0,0,0,0,1,0,0,1,0,0,0,0
98,4.08,,1,6,6.7,Midwest,wild,0,1,0,0,0,0,0,0,0,0,0,0,0,0,0,0,1
99,3.69,83.0,114,447,4.0,West,light,0,0,0,0,0,0,1,0,0,1,0,0,0,0,1,0,0
100,4.1,89.0,9,51,5.0,South,dark,0,0,0,0,0,0,1,0,1,0,0,0,1,0,0,0,0
101,3.54,,2,5,9.1,West,dark,0,0,1,0,0,0,0,0,0,1,0,0,1,0,0,0,0
102,4.17,93.0,93,394,10.5,West,hoppy,0,0,0,0,0,1,0,0,0,1,0,0,0,1,0,0,0
103,3.63,82.0,191,1,6.5,West,hoppy,0,1,0,0,0,0,0,0,0,1,0,0,0,1,0,0,0
104,3.88,87.0,129,422,6.5,West,hoppy,0,1,0,0,0,0,0,0,0,1,0,0,0,1,0,0,0
105,3.95,89.0,373,1,6.7,West,hoppy,0,1,0,0,0,0,0,0,0,1,0,0,0,1,0,0,0
106,4.17,93.0,3,7,9.6,West,dark,0,0,0,0,0,1,0,0,0,1,0,0,1,0,0,0,0
107,3.86,84.0,3,11,5.5,Northeast,belgian,0,0,1,0,0,0,0,1,0,0,0,1,0,0,0,0,0
108,3.47,,1,3,5.0,West,light,0,1,0,0,0,0,0,0,0,1,0,0,0,0,1,0,0
109,3.95,88.0,293,653,9.0,Midwest,belgian,0,0,0,0,0,0,1,0,0,0,0,1,0,0,0,0,0
110,4.24,94.0,1,5,8.7,West,dark,0,1,0,0,0,0,0,0,0,1,0,0,1,0,0,0,0
111,3.86,86.0,13,40,7.1,West,dark,0,1,0,0,0,0,0,0,0,1,0,0,1,0,0,0,0
112,2.74,65.0,211,1,6.0,Midwest,amber,0,1,0,0,0,0,0,0,0,0,0,0,0,0,0,0,0
113,3.65,83.0,156,203,6.5,World,dark,0,0,1,0,0,0,0,0,0,0,1,0,1,0,0,0,0
114,3.59,81.0,46,77,5.0,Northeast,light,0,0,0,0,0,0,1,1,0,0,0,0,0,0,1,0,0
115,3.68,84.0,12,85,6.3,South,dark,0,0,0,0,0,1,0,0,1,0,0,0,1,0,0,0,0
116,4.4,97.0,2,10,10.5,West,dark,0,0,0,0,0,0,0,0,0,1,0,0,1,0,0,0,0
117,3.12,73.0,81,234,5.7,Midwest,amber,0,1,0,0,0,0,0,0,0,0,0,0,0,0,0,0,0
118,4.07,91.0,1,5,10.0,West,dark,0,0,0,0,0,1,0,0,0,1,0,0,1,0,0,0,0
119,4.01,89.0,4,17,6.2,South,wild,0,0,1,0,0,0,0,0,1,0,0,0,0,0,0,0,1
120,3.43,80.0,17,24,5.8,West,amber,0,0,0,0,0,0,1,0,0,1,0,0,0,0,0,0,0
121,3.5,81.0,7,15,7.4,Northeast,belgian,0,0,1,0,0,0,0,1,0,0,0,1,0,0,0,0,0
122,3.45,79.0,92,220,5.4,Midwest,amber,0,0,1,0,0,0,0,0,0,0,0,0,0,0,0,0,0
123,2.67,64.0,306,648,4.1,Midwest,seasonal,0,1,0,0,0,0,0,0,0,0,0,0,0,0,0,1,0
124,3.41,80.0,19,72,4.9,South,belgian,0,0,0,0,1,0,0,0,1,0,0,1,0,0,0,0,0
125,4.33,93.0,6,16,11.9,World,dark,0,1,0,0,0,0,0,0,0,0,1,0,1,0,0,0,0
126,4.39,93.0,3,24,10.5,West,dark,0,1,0,0,0,0,0,0,0,1,0,0,1,0,0,0,0
127,3.97,89.0,1,4,9.2,West,dark,0,0,0,0,0,1,0,0,0,1,0,0,1,0,0,0,0
128,1.51,49.0,49,151,5.0,Midwest,light,0,1,0,0,0,0,0,0,0,0,0,0,0,0,1,0,0
129,2.73,65.0,57,145,4.2,Midwest,light,0,0,1,0,0,0,0,0,0,0,0,0,0,0,1,0,0
130,3.43,78.0,104,249,5.1,Northeast,hoppy,0,0,0,0,0,0,1,1,0,0,0,0,0,1,0,0,0
131,2.19,54.0,367,1,6.0,Midwest,light,0,0,0,0,0,0,1,0,0,0,0,0,0,0,1,0,0
132,3.61,70.0,3,19,5.8,Midwest,light,0,1,0,0,0,0,0,0,0,0,0,0,0,0,1,0,0
133,3.7,84.0,313,1,6.5,Midwest,amber,0,0,0,0,0,1,0,0,0,0,0,0,0,0,0,0,0
134,3.75,,0,1,6.0,Northeast,hoppy,0,0,1,0,0,0,0,1,0,0,0,0,0,1,0,0,0
135,3.48,82.0,3,24,5.0,South,wild,0,0,1,0,0,0,0,0,1,0,0,0,0,0,0,0,1
136,3.84,85.0,8,40,4.2,West,hoppy,0,1,0,0,0,0,0,0,0,1,0,0,0,1,0,0,0
137,1.78,45.0,1,6,4.2,Midwest,light,0,0,0,0,0,0,1,0,0,0,0,0,0,0,1,0,0
138,2.21,55.0,74,465,8.0,Midwest,dark,0,0,0,0,0,0,1,0,0,0,0,0,1,0,0,0,0
139,3.81,85.0,17,104,8.0,West,belgian,0,1,0,0,0,0,0,0,0,1,0,1,0,0,0,0,0
140,4.02,91.0,17,70,9.2,South,dark,0,0,1,0,0,0,0,0,1,0,0,0,1,0,0,0,0
141,3.89,88.0,2,22,4.8,West,wild,0,1,0,0,0,0,0,0,0,1,0,0,0,0,0,0,1
142,1.81,47.0,308,1,5.5,Midwest,light,0,0,0,0,0,0,1,0,0,0,0,0,0,0,1,0,0
143,3.82,86.0,338,1,8.3,West,wild,0,1,0,0,0,0,0,0,0,1,0,0,0,0,0,0,1
144,1.69,45.0,386,1,5.9,Midwest,light,0,0,0,0,0,0,1,0,0,0,0,0,0,0,1,0,0
145,4.06,89.0,171,202,9.0,World,seasonal,0,1,0,0,0,0,0,0,0,0,1,0,0,0,0,1,0
146,3.85,88.0,2,25,9.2,West,hoppy,0,1,0,0,0,0,0,0,0,1,0,0,0,1,0,0,0
147,3.5,79.0,163,388,6.2,Midwest,amber,0,1,0,0,0,0,0,0,0,0,0,0,0,0,0,0,0
148,4.27,93.0,6,41,10.0,South,dark,0,1,0,0,0,0,0,0,1,0,0,0,1,0,0,0,0
149,2.45,60.0,38,197,8.0,Midwest,dark,0,0,0,0,0,0,1,0,0,0,0,0,1,0,0,0,0
150,3.98,89.0,100,685,5.7,Northeast,hoppy,0,0,1,0,0,0,0,1,0,0,0,0,0,1,0,0,0
151,3.23,76.0,18,32,4.8,West,dark,0,0,0,0,0,0,1,0,0,1,0,0,1,0,0,0,0
152,3.44,,1,3,4.3,West,wild,0,0,1,0,0,0,0,0,0,1,0,0,0,0,0,0,1
153,3.33,,1,1,5.0,World,belgian,0,1,0,0,0,0,0,0,0,0,1,1,0,0,0,0,0
154,4.15,92.0,1,12,9.5,West,dark,0,1,0,0,0,0,0,0,0,1,0,0,1,0,0,0,0
155,4.15,92.0,173,442,6.0,World,belgian,0,0,1,0,0,0,0,0,0,0,1,1,0,0,0,0,0
156,4.08,91.0,351,1,7.9,West,hoppy,0,0,0,0,0,1,0,0,0,1,0,0,0,1,0,0,0
157,3.96,88.0,9,67,6.1,Northeast,hoppy,0,0,1,0,0,0,0,1,0,0,0,0,0,1,0,0,0
158,2.11,56.0,10,18,,Midwest,light,0,0,0,0,0,0,1,0,0,0,0,0,0,0,1,0,0
159,4.73,100.0,1,7,12.9,Midwest,dark,0,1,0,0,0,0,0,0,0,0,0,0,1,0,0,0,0
160,3.82,84.0,10,21,6.1,Northeast,belgian,0,0,1,0,0,0,0,1,0,0,0,1,0,0,0,0,0
161,3.76,85.0,1,13,7.7,Northeast,dark,0,0,1,0,0,0,0,1,0,0,0,0,1,0,0,0,0
162,3.91,87.0,59,109,6.2,South,amber,0,1,0,0,0,0,0,0,1,0,0,0,0,0,0,0,0
163,4.54,99.0,26,151,10.5,Northeast,hoppy,0,0,1,0,0,0,0,1,0,0,0,0,0,1,0,0,0
164,4.56,,1,1,9.0,World,dark,0,0,1,0,0,0,0,0,0,0,1,0,1,0,0,0,0
165,3.83,87.0,35,40,6.9,West,amber,0,1,0,0,0,0,0,0,0,1,0,0,0,0,0,0,0
166,4.52,96.0,4,56,11.0,West,dark,0,1,0,0,0,0,0,0,0,1,0,0,1,0,0,0,0
167,2.13,53.0,580,2,4.2,Midwest,light,0,0,0,0,0,0,1,0,0,0,0,0,0,0,1,0,0
168,2.97,,1,1,3.5,Midwest,wild,0,0,1,0,0,0,0,0,0,0,0,0,0,0,0,0,1
169,3.16,73.0,767,1,5.3,Midwest,amber,0,1,0,0,0,0,0,0,0,0,0,0,0,0,0,0,0
170,3.62,81.0,85,187,6.1,Midwest,amber,0,0,1,0,0,0,0,0,0,0,0,0,0,0,0,0,0
171,2.18,59.0,60,126,5.0,Midwest,light,0,1,0,0,0,0,0,0,0,0,0,0,0,0,1,0,0
172,2.03,51.0,420,1,4.3,Midwest,light,0,0,0,0,0,0,1,0,0,0,0,0,0,0,1,0,0
173,3.94,88.0,38,131,5.5,West,wild,0,0,1,0,0,0,0,0,0,1,0,0,0,0,0,0,1
174,4.37,91.0,5,36,12.5,West,amber,0,0,1,0,0,0,0,0,0,1,0,0,0,0,0,0,0
175,3.74,,0,4,6.0,Northeast,dark,0,0,1,0,0,0,0,1,0,0,0,0,1,0,0,0,0
176,1.72,46.0,167,434,4.2,Midwest,wild,0,0,0,0,0,0,1,0,0,0,0,0,0,0,0,0,1
177,2.34,56.0,1,6,5.0,Midwest,light,0,0,0,0,0,0,1,0,0,0,0,0,0,0,1,0,0
178,1.98,52.0,181,347,5.0,Midwest,wild,0,0,0,0,0,0,1,0,0,0,0,0,0,0,0,0,1
179,3.64,82.0,132,240,7.79,Midwest,wild,0,0,0,0,0,0,0,0,0,0,0,0,0,0,0,0,1
180,3.53,80.0,437,1,7.1,West,seasonal,0,0,0,0,0,1,0,0,0,1,0,0,0,0,0,1,0
181,3.49,81.0,27,104,5.5,Midwest,dark,0,1,0,0,0,0,0,0,0,0,0,0,1,0,0,0,0
182,3.77,85.0,396,687,7.3,West,dark,0,1,0,0,0,0,0,0,0,1,0,0,1,0,0,0,0
183,1.82,50.0,119,159,6.6,Midwest,seasonal,0,1,0,0,0,0,0,0,0,0,0,0,0,0,0,1,0
184,3.94,86.0,7,14,8.5,South,amber,0,1,0,0,0,0,0,0,1,0,0,0,0,0,0,0,0
185,2.56,62.0,17,67,8.0,Midwest,dark,0,0,0,0,0,0,0,0,0,0,0,0,1,0,0,0,0
186,4.1,88.0,2,18,8.0,West,amber,0,1,0,0,0,0,0,0,0,1,0,0,0,0,0,0,0
187,3.94,88.0,816,2,9.2,West,hoppy,0,0,1,0,0,0,0,0,0,1,0,0,0,1,0,0,0
188,4.12,,1,2,5.1,World,belgian,0,0,0,0,0,0,1,0,0,0,1,1,0,0,0,0,0
189,3.91,89.0,7,43,8.3,Northeast,hoppy,0,0,1,0,0,0,0,1,0,0,0,0,0,1,0,0,0
190,3.63,,0,3,8.2,West,belgian,0,1,0,0,0,0,0,0,0,1,0,1,0,0,0,0,0
191,3.9,87.0,282,1,5.5,Northeast,hoppy,0,0,0,0,0,0,1,1,0,0,0,0,0,1,0,0,0
192,3.95,87.0,50,69,9.0,South,light,0,1,0,0,0,0,0,0,1,0,0,0,0,0,1,0,0
193,3.92,87.0,18,104,9.0,South,hoppy,0,1,0,0,0,0,0,0,1,0,0,0,0,1,0,0,0
194,3.79,86.0,137,142,10.5,Midwest,dark,0,1,0,0,0,0,0,0,0,0,0,0,1,0,0,0,0
195,4.05,91.0,70,314,11.0,Midwest,dark,0,0,1,0,0,0,0,0,0,0,0,0,1,0,0,0,0
196,3.75,84.0,1,4,5.6,World,dark,0,0,0,0,0,0,1,0,0,0,1,0,1,0,0,0,0
197,4.17,,0,3,8.0,Midwest,hoppy,0,0,0,0,0,0,1,0,0,0,0,0,0,1,0,0,0
198,4.31,,0,1,,South,hoppy,0,1,0,0,0,0,0,0,1,0,0,0,0,1,0,0,0
199,3.98,89.0,20,86,7.0,West,wild,0,0,0,0,1,0,0,0,0,1,0,0,0,0,0,0,1
200,3.76,85.0,8,27,8.5,World,belgian,0,0,0,0,0,0,1,0,0,0,1,1,0,0,0,0,0
201,3.83,,1,1,9.0,Midwest,amber,0,0,1,0,0,0,0,0,0,0,0,0,0,0,0,0,0
202,3.84,86.0,191,1,8.5,West,light,0,1,0,0,0,0,0,0,0,1,0,0,0,0,1,0,0
203,0.0,,0,0,,South,dark,0,1,0,0,0,0,0,0,1,0,0,0,1,0,0,0,0
204,3.29,76.0,114,263,7.5,Midwest,wild,0,1,0,0,0,0,0,0,0,0,0,0,0,0,0,0,1
205,3.85,86.0,29,103,7.7,South,wild,0,1,0,0,0,0,0,0,1,0,0,0,0,0,0,0,1
206,4.05,90.0,246,1,8.4,West,hoppy,0,0,1,0,0,0,0,0,0,1,0,0,0,1,0,0,0
207,3.56,83.0,3,35,7.2,Northeast,dark,0,1,0,0,0,0,0,1,0,0,0,0,1,0,0,0,0
208,3.91,88.0,125,473,8.7,West,wild,0,0,1,0,0,0,0,0,0,1,0,0,0,0,0,0,1
209,3.85,86.0,349,737,8.7,West,light,0,0,1,0,0,0,0,0,0,1,0,0,0,0,1,0,0
210,3.94,87.0,14,40,7.5,West,light,0,1,0,0,0,0,0,0,0,1,0,0,0,0,1,0,0
211,3.56,82.0,41,104,4.6,West,hoppy,0,1,0,0,0,0,0,0,0,1,0,0,0,1,0,0,0
212,3.83,87.0,127,243,10.0,West,hoppy,0,0,0,0,1,0,0,0,0,1,0,0,0,1,0,0,0
213,3.98,87.0,41,43,9.4,West,dark,0,1,0,0,0,0,0,0,0,1,0,0,1,0,0,0,0
214,4.34,93.0,14,86,10.4,Midwest,dark,0,0,1,0,0,0,0,0,0,0,0,0,1,0,0,0,0
215,4.2,93.0,1,2,7.0,World,belgian,0,0,0,0,0,0,1,0,0,0,1,1,0,0,0,0,0
216,4.26,,1,3,5.2,West,hoppy,0,1,0,0,0,0,0,0,0,1,0,0,0,1,0,0,0
217,4.26,94.0,63,278,17.0,Midwest,dark,0,0,1,0,0,0,0,0,0,0,0,0,1,0,0,0,0
218,3.5,,1,7,,South,belgian,0,0,0,0,1,0,0,0,1,0,0,1,0,0,0,0,0
219,3.85,86.0,19,98,7.0,West,amber,0,1,0,0,0,0,0,0,0,1,0,0,0,0,0,0,0
220,4.21,93.0,60,138,8.5,South,dark,0,1,0,0,0,0,0,0,1,0,0,0,1,0,0,0,0
221,3.85,86.0,695,1,8.0,Midwest,dark,0,0,0,0,0,1,0,0,0,0,0,0,1,0,0,0,0
222,3.31,,1,1,5.0,World,light,0,0,0,0,0,0,1,0,0,0,1,0,0,0,1,0,0
223,4.07,90.0,91,282,7.7,West,amber,0,0,0,0,0,0,0,0,0,1,0,0,0,0,0,0,0
224,3.91,87.0,59,109,6.2,South,amber,0,1,0,0,0,0,0,0,1,0,0,0,0,0,0,0,0
225,3.9,87.0,2,7,6.5,West,hoppy,0,0,0,0,0,0,1,0,0,1,0,0,0,1,0,0,0
226,4.04,90.0,64,92,8.6,South,hoppy,0,1,0,0,0,0,0,0,1,0,0,0,0,1,0,0,0
227,3.9,87.0,1,15,6.5,Northeast,hoppy,0,1,0,0,0,0,0,1,0,0,0,0,0,1,0,0,0
228,3.59,81.0,152,646,4.7,Northeast,dark,0,0,1,0,0,0,0,1,0,0,0,0,1,0,0,0,0
229,3.78,85.0,80,224,9.5,West,amber,0,1,0,0,0,0,0,0,0,1,0,0,0,0,0,0,0
230,3.88,87.0,57,189,7.0,West,belgian,0,0,1,0,0,0,0,0,0,1,0,1,0,0,0,0,0
231,3.91,88.0,122,574,6.7,West,dark,0,1,0,0,0,0,0,0,0,1,0,0,1,0,0,0,0
232,3.67,85.0,44,104,8.0,West,hoppy,0,1,0,0,0,0,0,0,0,1,0,0,0,1,0,0,0
233,3.43,78.0,285,517,6.9,West,dark,0,1,0,0,0,0,0,0,0,1,0,0,1,0,0,0,0
234,3.57,,1,4,5.6,West,amber,0,1,0,0,0,0,0,0,0,1,0,0,0,0,0,0,0
235,3.08,71.0,594,1,5.1,Northeast,light,0,0,0,0,0,0,1,1,0,0,0,0,0,0,1,0,0
236,4.3,95.0,54,230,11.0,Midwest,dark,0,0,1,0,0,0,0,0,0,0,0,0,1,0,0,0,0
237,4.08,91.0,1,6,11.0,Midwest,dark,0,0,0,0,0,0,1,0,0,0,0,0,1,0,0,0,0
238,4.18,93.0,30,167,11.0,Midwest,dark,0,0,1,0,0,0,0,0,0,0,0,0,1,0,0,0,0
239,3.23,74.0,122,530,4.5,Midwest,light,0,0,0,0,1,0,0,0,0,0,0,0,0,0,1,0,0
240,4.08,90.0,65,88,11.0,South,belgian,0,1,0,0,0,0,0,0,1,0,0,1,0,0,0,0,0
241,3.56,81.0,157,420,10.0,Midwest,seasonal,0,0,1,0,0,0,0,0,0,0,0,0,0,0,0,1,0
242,3.58,81.0,169,188,,Northeast,dark,0,1,0,0,0,0,0,1,0,0,0,0,1,0,0,0,0
243,3.52,80.0,381,885,5.1,Northeast,dark,0,0,1,0,0,0,0,1,0,0,0,0,1,0,0,0,0
244,3.82,85.0,47,128,5.5,West,light,0,1,0,0,0,0,0,0,0,1,0,0,0,0,1,0,0
245,4.18,93.0,495,2,6.5,West,dark,0,0,1,0,0,0,0,0,0,1,0,0,1,0,0,0,0
246,3.57,,3,9,4.0,West,light,0,0,0,1,0,0,0,0,0,1,0,0,0,0,1,0,0
247,4.08,91.0,1,3,5.9,World,amber,0,0,0,0,0,0,1,0,0,0,1,0,0,0,0,0,0
248,4.08,90.0,48,190,9.0,West,hoppy,0,0,1,0,0,0,0,0,0,1,0,0,0,1,0,0,0
249,2.73,72.0,7,11,5.0,West,amber,0,0,0,1,0,0,0,0,0,1,0,0,0,0,0,0,0
250,3.78,84.0,21,105,8.6,South,amber,0,1,0,0,0,0,0,0,1,0,0,0,0,0,0,0,0
251,4.39,96.0,88,184,12.0,Midwest,dark,0,0,1,0,0,0,0,0,0,0,0,0,1,0,0,0,0
252,3.9,89.0,5,14,8.0,South,hoppy,0,1,0,0,0,0,0,0,1,0,0,0,0,1,0,0,0
253,4.12,92.0,561,1,6.7,West,hoppy,0,0,1,0,0,0,0,0,0,1,0,0,0,1,0,0,0
254,3.37,77.0,76,264,5.6,World,dark,0,0,0,0,0,1,0,0,0,0,1,0,1,0,0,0,0
255,4.04,90.0,1,39,10.0,West,hoppy,0,0,1,0,0,0,0,0,0,1,0,0,0,1,0,0,0
256,4.09,91.0,761,1,10.9,West,dark,0,0,0,0,0,1,0,0,0,1,0,0,1,0,0,0,0
257,3.98,,1,1,9.0,Midwest,hoppy,0,0,1,0,0,0,0,0,0,0,0,0,0,1,0,0,0
258,3.93,,3,4,5.9,Northeast,wild,0,0,1,0,0,0,0,1,0,0,0,0,0,0,0,0,1
259,3.87,87.0,975,2,10.0,West,hoppy,0,0,0,1,0,0,0,0,0,1,0,0,0,1,0,0,0
260,4.13,92.0,287,621,8.0,World,dark,0,0,0,0,0,0,1,0,0,0,1,0,1,0,0,0,0
261,3.8,85.0,32,153,5.6,West,light,0,0,1,0,0,0,0,0,0,1,0,0,0,0,1,0,0
262,4.26,93.0,53,159,8.0,South,hoppy,0,0,1,0,0,0,0,0,1,0,0,0,0,1,0,0,0
263,3.81,87.0,20,51,5.0,World,dark,0,0,1,0,0,0,0,0,0,0,1,0,1,0,0,0,0
264,3.62,82.0,308,730,4.9,Midwest,light,0,0,0,0,0,0,1,0,0,0,0,0,0,0,1,0,0
265,3.6,82.0,256,778,5.1,South,amber,0,0,0,0,0,0,1,0,1,0,0,0,0,0,0,0,0
266,3.55,81.0,60,218,3.8,World,dark,0,0,1,0,0,0,0,0,0,0,1,0,1,0,0,0,0
267,3.95,88.0,233,772,10.0,South,seasonal,0,0,0,0,0,0,0,0,1,0,0,0,0,0,0,1,0
268,3.56,81.0,402,576,5.0,World,dark,0,1,0,0,0,0,0,0,0,0,1,0,1,0,0,0,0
269,3.14,73.0,81,312,4.1,World,dark,0,1,0,0,0,0,0,0,0,0,1,0,1,0,0,0,0
270,4.08,91.0,918,2,7.5,World,dark,0,0,0,0,0,0,1,0,0,0,1,0,1,0,0,0,0
271,3.78,85.0,8,38,9.8,Midwest,hoppy,0,0,1,0,0,0,0,0,0,0,0,0,0,1,0,0,0
272,3.07,73.0,133,143,,West,light,0,0,0,0,0,0,1,0,0,1,0,0,0,0,1,0,0
273,3.97,,3,6,5.9,Northeast,hoppy,0,0,1,0,0,0,0,1,0,0,0,0,0,1,0,0,0
274,3.81,85.0,7,95,5.7,West,amber,0,1,0,0,0,0,0,0,0,1,0,0,0,0,0,0,0
275,3.71,84.0,18,157,6.5,Midwest,hoppy,0,1,0,0,0,0,0,0,0,0,0,0,0,1,0,0,0
276,3.8,86.0,74,285,5.8,West,hoppy,0,1,0,0,0,0,0,0,0,1,0,0,0,1,0,0,0
277,3.59,82.0,94,613,6.1,Northeast,hoppy,0,0,0,0,0,0,1,1,0,0,0,0,0,1,0,0,0
278,4.06,,1,1,8.0,West,amber,0,1,0,0,0,0,0,0,0,1,0,0,0,0,0,0,0
279,0.0,,0,0,8.2,West,wild,1,0,0,0,0,0,0,0,0,1,0,0,0,0,0,0,1
280,4.02,89.0,6,33,11.0,West,belgian,0,1,0,0,0,0,0,0,0,1,0,1,0,0,0,0,0
281,4.03,86.0,3,22,7.1,West,hoppy,0,1,0,0,0,0,0,0,0,1,0,0,0,1,0,0,0
282,3.87,85.0,9,68,5.8,West,wild,0,1,0,0,0,0,0,0,0,1,0,0,0,0,0,0,1
283,4.0,88.0,7,66,6.65,West,hoppy,0,1,0,0,0,0,0,0,0,1,0,0,0,1,0,0,0
284,3.81,85.0,5,59,5.5,West,amber,0,1,0,0,0,0,0,0,0,1,0,0,0,0,0,0,0
285,3.59,81.0,2,8,4.2,World,dark,0,0,0,0,0,0,1,0,0,0,1,0,1,0,0,0,0
286,3.88,87.0,130,458,8.5,West,amber,0,1,0,0,0,0,0,0,0,1,0,0,0,0,0,0,0
287,3.92,89.0,2,21,8.5,West,hoppy,0,0,0,0,1,0,0,0,0,1,0,0,0,1,0,0,0
288,3.83,85.0,3,32,5.3,West,amber,0,1,0,0,0,0,0,0,0,1,0,0,0,0,0,0,0
289,3.26,75.0,243,1,5.0,World,light,0,0,0,0,0,0,1,0,0,0,1,0,0,0,1,0,0
290,3.33,,0,1,4.9,Northeast,light,0,0,0,0,0,0,1,1,0,0,0,0,0,0,1,0,0
291,3.74,84.0,109,308,6.5,Midwest,belgian,0,0,1,0,0,0,0,0,0,0,0,1,0,0,0,0,0
292,4.04,90.0,4,25,8.3,Northeast,hoppy,0,1,0,0,0,0,0,1,0,0,0,0,0,1,0,0,0
293,3.91,87.0,4,78,7.8,West,hoppy,0,1,0,0,0,0,0,0,0,1,0,0,0,1,0,0,0
294,3.6,,0,6,,West,amber,0,1,0,0,0,0,0,0,0,1,0,0,0,0,0,0,0
295,4.21,,0,6,7.6,West,hoppy,0,1,0,0,0,0,0,0,0,1,0,0,0,1,0,0,0
296,3.68,83.0,37,168,5.4,South,light,0,0,1,0,0,0,0,0,1,0,0,0,0,0,1,0,0
297,4.14,89.0,4,18,8.3,West,hoppy,0,1,0,0,0,0,0,0,0,1,0,0,0,1,0,0,0
298,3.67,83.0,873,1,6.4,West,light,0,1,0,0,0,0,0,0,0,1,0,0,0,0,1,0,0
299,4.29,95.0,2,8,8.5,World,hoppy,0,0,0,0,0,0,1,0,0,0,1,0,0,1,0,0,0
300,3.92,88.0,47,132,8.0,West,hoppy,0,0,1,0,0,0,0,0,0,1,0,0,0,1,0,0,0
301,3.99,88.0,4,30,7.5,West,hoppy,0,1,0,0,0,0,0,0,0,1,0,0,0,1,0,0,0
302,3.64,,1,2,,World,light,0,1,0,0,0,0,0,0,0,0,1,0,0,0,1,0,0
303,3.81,86.0,443,2,6.2,West,amber,0,0,0,0,0,0,0,0,0,1,0,0,0,0,0,0,0
304,3.92,86.0,6,21,6.1,West,hoppy,0,0,0,0,0,0,1,0,0,1,0,0,0,1,0,0,0
305,4.01,87.0,2,15,5.0,West,hoppy,0,1,0,0,0,0,0,0,0,1,0,0,0,1,0,0,0
306,3.89,85.0,4,11,9.0,West,amber,0,1,0,0,0,0,0,0,0,1,0,0,0,0,0,0,0
307,3.74,84.0,216,540,5.9,West,hoppy,0,1,0,0,0,0,0,0,0,1,0,0,0,1,0,0,0
308,3.76,86.0,1,17,5.6,West,hoppy,0,1,0,0,0,0,0,0,0,1,0,0,0,1,0,0,0
309,3.75,84.0,1,4,5.6,World,dark,0,0,0,0,0,0,1,0,0,0,1,0,1,0,0,0,0
310,4.13,92.0,1,4,8.7,West,amber,0,0,0,0,0,0,1,0,0,1,0,0,0,0,0,0,0
311,3.87,86.0,18,94,5.5,West,light,0,1,0,0,0,0,0,0,0,1,0,0,0,0,1,0,0
312,2.99,70.0,249,843,5.8,World,hoppy,0,0,0,0,0,0,1,0,0,0,1,0,0,1,0,0,0
313,3.72,85.0,3,22,7.1,West,belgian,0,0,1,0,0,0,0,0,0,1,0,1,0,0,0,0,0
314,3.84,86.0,106,490,6.1,South,hoppy,0,0,1,0,0,0,0,0,1,0,0,0,0,1,0,0,0
315,3.84,86.0,308,825,7.7,South,seasonal,0,0,0,0,0,1,0,0,1,0,0,0,0,0,0,1,0
316,4.06,90.0,4,63,6.5,Midwest,wild,0,1,0,0,0,0,0,0,0,0,0,0,0,0,0,0,1
317,3.81,,2,2,6.5,West,amber,0,1,0,0,0,0,0,0,0,1,0,0,0,0,0,0,0
318,3.94,87.0,6,18,7.1,South,hoppy,0,1,0,0,0,0,0,0,1,0,0,0,0,1,0,0,0
319,3.14,72.0,446,1,4.5,World,dark,0,0,1,0,0,0,0,0,0,0,1,0,1,0,0,0,0
320,3.55,81.0,63,211,5.0,World,amber,0,0,1,0,0,0,0,0,0,0,1,0,0,0,0,0,0
321,4.25,,2,7,5.6,Northeast,light,0,0,1,0,0,0,0,1,0,0,0,0,0,0,1,0,0
322,3.91,,1,7,8.7,West,hoppy,0,1,0,0,0,0,0,0,0,1,0,0,0,1,0,0,0
323,3.8,85.0,8,106,4.8,West,hoppy,0,1,0,0,0,0,0,0,0,1,0,0,0,1,0,0,0
324,4.3,93.0,5,61,10.0,West,hoppy,0,1,0,0,0,0,0,0,0,1,0,0,0,1,0,0,0
325,3.75,85.0,2,39,4.7,West,hoppy,0,0,1,0,0,0,0,0,0,1,0,0,0,1,0,0,0
326,4.0,,0,1,6.5,West,hoppy,0,1,0,0,0,0,0,0,0,1,0,0,0,1,0,0,0
327,3.56,81.0,4,14,4.5,West,light,0,0,1,0,0,0,0,0,0,1,0,0,0,0,1,0,0
328,4.02,,3,7,8.1,Northeast,hoppy,0,0,1,0,0,0,0,1,0,0,0,0,0,1,0,0,0
329,4.21,94.0,284,1,6.8,Midwest,hoppy,0,0,0,0,0,0,1,0,0,0,0,0,0,1,0,0,0
330,4.17,93.0,3,10,6.8,West,hoppy,0,0,0,0,0,1,0,0,0,1,0,0,0,1,0,0,0
331,4.38,96.0,91,530,7.7,Northeast,hoppy,0,0,1,0,0,0,0,1,0,0,0,0,0,1,0,0,0
332,2.42,59.0,192,370,8.1,Midwest,dark,0,0,0,0,0,0,1,0,0,0,0,0,1,0,0,0,0
333,3.82,86.0,194,503,8.0,West,amber,0,1,0,0,0,0,0,0,0,1,0,0,0,0,0,0,0
334,3.69,,2,3,4.4,World,hoppy,0,0,0,0,0,0,1,0,0,0,1,0,0,1,0,0,0
335,3.98,89.0,60,232,9.0,Midwest,hoppy,0,0,0,0,0,0,1,0,0,0,0,0,0,1,0,0,0
336,3.45,,1,5,5.2,West,light,0,1,0,0,0,0,0,0,0,1,0,0,0,0,1,0,0
337,3.89,88.0,103,321,6.5,West,hoppy,0,0,0,0,0,1,0,0,0,1,0,0,0,1,0,0,0
338,3.18,75.0,57,97,4.6,West,light,0,0,0,0,0,0,1,0,0,1,0,0,0,0,1,0,0
339,3.88,87.0,10,50,7.2,West,hoppy,0,1,0,0,0,0,0,0,0,1,0,0,0,1,0,0,0
340,3.81,86.0,10,43,7.2,South,belgian,0,0,1,0,0,0,0,0,1,0,0,1,0,0,0,0,0
341,3.9,87.0,44,157,7.2,West,hoppy,0,1,0,0,0,0,0,0,0,1,0,0,0,1,0,0,0
342,3.94,88.0,429,1,9.0,South,dark,0,0,1,0,0,0,0,0,1,0,0,0,1,0,0,0,0
343,3.65,82.0,86,103,5.1,South,belgian,0,1,0,0,0,0,0,0,1,0,0,1,0,0,0,0,0
344,4.05,90.0,37,231,4.5,Midwest,wild,0,0,1,0,0,0,0,0,0,0,0,0,0,0,0,0,1
345,4.39,97.0,375,2,12.2,West,dark,0,1,0,0,0,0,0,0,0,1,0,0,1,0,0,0,0
346,3.95,88.0,221,831,6.5,West,dark,0,0,1,0,0,0,0,0,0,1,0,0,1,0,0,0,0
347,3.68,84.0,11,23,5.5,World,seasonal,0,0,0,0,0,0,0,0,0,0,1,0,0,0,0,1,0
348,4.13,92.0,778,2,7.8,West,amber,0,1,0,0,0,0,0,0,0,1,0,0,0,0,0,0,0
349,4.35,96.0,2,8,10.6,West,dark,0,1,0,0,0,0,0,0,0,1,0,0,1,0,0,0,0
350,3.96,89.0,158,661,6.7,West,hoppy,0,0,0,0,0,0,1,0,0,1,0,0,0,1,0,0,0
351,3.38,,0,1,6.8,South,light,0,0,1,0,0,0,0,0,1,0,0,0,0,0,1,0,0
352,3.8,85.0,186,432,5.6,West,light,0,1,0,0,0,0,0,0,0,1,0,0,0,0,1,0,0
353,3.92,88.0,1,2,8.0,Northeast,seasonal,0,0,0,0,0,0,0,1,0,0,0,0,0,0,0,1,0
354,4.12,92.0,784,1,8.2,World,light,0,0,1,0,0,0,0,0,0,0,1,0,0,0,1,0,0
355,3.87,87.0,96,409,6.2,South,amber,0,0,1,0,0,0,0,0,1,0,0,0,0,0,0,0,0
356,3.33,76.0,810,2,4.9,West,belgian,0,0,0,0,0,0,1,0,0,1,0,1,0,0,0,0,0
357,3.86,,5,7,9.2,West,dark,0,0,1,0,0,0,0,0,0,1,0,0,1,0,0,0,0
358,4.21,,0,1,7.0,West,hoppy,0,1,0,0,0,0,0,0,0,1,0,0,0,1,0,0,0
359,3.9,88.0,55,420,4.9,Midwest,wild,0,0,0,1,0,0,0,0,0,0,0,0,0,0,0,0,1
360,4.24,94.0,1,5,7.2,Northeast,hoppy,0,0,0,0,0,0,1,1,0,0,0,0,0,1,0,0,0
361,3.82,86.0,10,133,7.0,West,hoppy,0,0,0,0,0,1,0,0,0,1,0,0,0,1,0,0,0
362,4.15,90.0,17,18,7.0,West,hoppy,0,1,0,0,0,0,0,0,0,1,0,0,0,1,0,0,0
363,4.09,91.0,653,790,8.1,Northeast,light,0,0,1,0,0,0,0,1,0,0,0,0,0,0,1,0,0
364,3.86,87.0,256,715,9.38,Midwest,hoppy,0,0,0,0,0,0,1,0,0,0,0,0,0,1,0,0,0
365,3.89,88.0,9,37,4.65,West,wild,0,0,1,0,0,0,0,0,0,1,0,0,0,0,0,0,1
366,4.07,91.0,29,124,8.0,West,hoppy,0,0,1,0,0,0,0,0,0,1,0,0,0,1,0,0,0
367,4.21,94.0,1,6,9.6,West,hoppy,0,0,1,0,0,0,0,0,0,1,0,0,0,1,0,0,0
368,3.91,88.0,184,321,9.5,Northeast,dark,0,0,0,0,0,1,0,1,0,0,0,0,1,0,0,0,0
369,3.98,89.0,332,1,6.7,West,hoppy,0,0,0,0,0,0,1,0,0,1,0,0,0,1,0,0,0
370,3.98,88.0,3,29,6.7,West,hoppy,0,1,0,0,0,0,0,0,0,1,0,0,0,1,0,0,0
371,2.8,66.0,124,180,5.5,World,light,0,0,0,0,0,0,1,0,0,0,1,0,0,0,1,0,0
372,3.63,,1,4,7.0,South,hoppy,0,1,0,0,0,0,0,0,1,0,0,0,0,1,0,0,0
373,4.25,94.0,719,1,10.8,West,dark,0,1,0,0,0,0,0,0,0,1,0,0,1,0,0,0,0
374,3.86,87.0,80,427,6.5,West,hoppy,0,1,0,0,0,0,0,0,0,1,0,0,0,1,0,0,0
375,3.44,79.0,146,467,5.5,Midwest,hoppy,0,0,1,0,0,0,0,0,0,0,0,0,0,1,0,0,0
376,4.1,,1,5,6.5,Midwest,hoppy,0,1,0,0,0,0,0,0,0,0,0,0,0,1,0,0,0
377,3.32,,0,1,7.5,West,hoppy,0,1,0,0,0,0,0,0,0,1,0,0,0,1,0,0,0
378,3.86,86.0,3,30,7.4,West,belgian,0,1,0,0,0,0,0,0,0,1,0,1,0,0,0,0,0
379,3.86,89.0,3,10,9.0,West,hoppy,0,0,1,0,0,0,0,0,0,1,0,0,0,1,0,0,0
380,3.9,87.0,10,126,5.5,Northeast,light,0,1,0,0,0,0,0,1,0,0,0,0,0,0,1,0,0
381,4.21,94.0,2,7,8.0,West,hoppy,0,0,0,0,0,0,1,0,0,1,0,0,0,1,0,0,0
382,4.26,95.0,1,4,7.6,Midwest,hoppy,0,0,0,0,0,0,0,0,0,0,0,0,0,1,0,0,0
383,3.96,89.0,25,130,6.0,Midwest,wild,0,0,1,0,0,0,0,0,0,0,0,0,0,0,0,0,1
384,3.86,86.0,4,33,5.6,West,dark,0,0,0,0,0,0,1,0,0,1,0,0,1,0,0,0,0
385,3.93,86.0,6,25,,West,hoppy,0,1,0,0,0,0,0,0,0,1,0,0,0,1,0,0,0
386,3.87,87.0,1,3,6.5,West,hoppy,0,0,0,0,0,0,1,0,0,1,0,0,0,1,0,0,0
387,4.06,91.0,18,74,6.5,Northeast,hoppy,0,0,1,0,0,0,0,1,0,0,0,0,0,1,0,0,0
388,3.39,78.0,89,152,5.0,Midwest,light,0,0,0,0,1,0,0,0,0,0,0,0,0,0,1,0,0
389,3.25,74.0,772,2,5.0,World,light,0,0,0,0,0,0,1,0,0,0,1,0,0,0,1,0,0
390,3.82,86.0,8,21,5.4,South,dark,0,0,1,0,0,0,0,0,1,0,0,0,1,0,0,0,0
391,3.46,79.0,69,209,4.0,West,wild,0,0,0,0,1,0,0,0,0,1,0,0,0,0,0,0,1
392,3.93,88.0,115,517,6.5,West,dark,0,1,0,0,0,0,0,0,0,1,0,0,1,0,0,0,0
393,4.35,,7,8,9.2,Northeast,amber,0,1,0,0,0,0,0,1,0,0,0,0,0,0,0,0,0
394,4.04,90.0,145,1,7.8,South,hoppy,0,0,0,0,0,0,1,0,1,0,0,0,0,1,0,0,0
395,3.89,,0,4,7.5,West,hoppy,0,0,1,0,0,0,0,0,0,1,0,0,0,1,0,0,0
396,2.2,55.0,221,758,4.1,Midwest,light,0,0,0,0,0,0,1,0,0,0,0,0,0,0,1,0,0
397,3.81,86.0,75,265,6.0,World,dark,0,0,1,0,0,0,0,0,0,0,1,0,1,0,0,0,0
398,3.82,86.0,47,242,4.2,South,hoppy,0,0,0,0,0,0,1,0,1,0,0,0,0,1,0,0,0
399,3.78,84.0,2,11,5.6,West,hoppy,0,0,0,0,0,0,0,0,0,1,0,0,0,1,0,0,0
400,3.85,86.0,27,127,4.7,Northeast,hoppy,0,0,1,0,0,0,0,1,0,0,0,0,0,1,0,0,0
401,3.02,,1,1,,South,seasonal,0,0,0,0,0,0,0,0,1,0,0,0,0,0,0,1,0
402,3.72,84.0,77,545,6.2,South,hoppy,0,0,1,0,0,0,0,0,1,0,0,0,0,1,0,0,0
403,3.63,83.0,35,39,7.5,West,amber,0,1,0,0,0,0,0,0,0,1,0,0,0,0,0,0,0
404,2.16,53.0,1,4,4.17,Midwest,light,0,0,0,0,0,0,1,0,0,0,0,0,0,0,1,0,0
405,2.07,61.0,10,19,8.0,Midwest,dark,0,0,0,0,0,0,1,0,0,0,0,0,1,0,0,0,0
406,3.75,,0,2,7.0,Midwest,hoppy,0,1,0,0,0,0,0,0,0,0,0,0,0,1,0,0,0
407,3.87,86.0,44,131,7.7,West,amber,0,0,0,0,1,0,0,0,0,1,0,0,0,0,0,0,0
408,3.67,83.0,62,180,5.3,World,belgian,0,0,0,0,0,0,1,0,0,0,1,1,0,0,0,0,0
409,3.68,84.0,26,169,4.8,Midwest,hoppy,0,0,1,0,0,0,0,0,0,0,0,0,0,1,0,0,0
410,3.61,82.0,78,498,6.6,Midwest,belgian,0,0,0,0,0,0,1,0,0,0,0,1,0,0,0,0,0
411,3.79,84.0,6,22,6.8,West,dark,0,1,0,0,0,0,0,0,0,1,0,0,1,0,0,0,0
412,3.91,88.0,1,9,6.2,West,hoppy,0,0,0,0,0,0,1,0,0,1,0,0,0,1,0,0,0
413,3.63,,2,4,5.0,South,wild,0,1,0,0,0,0,0,0,1,0,0,0,0,0,0,0,1
414,3.51,,1,5,,West,light,0,0,0,0,0,0,1,0,0,1,0,0,0,0,1,0,0
415,3.02,,0,3,6.2,West,hoppy,0,0,0,0,0,0,1,0,0,1,0,0,0,1,0,0,0
416,3.67,82.0,13,39,3.5,Northeast,amber,0,0,1,0,0,0,0,1,0,0,0,0,0,0,0,0,0
417,3.56,81.0,433,1,5.2,West,light,0,0,0,0,0,0,1,0,0,1,0,0,0,0,1,0,0
418,3.86,89.0,5,11,9.0,Midwest,hoppy,0,0,1,0,0,0,0,0,0,0,0,0,0,1,0,0,0
419,3.77,85.0,22,60,5.2,Northeast,dark,0,0,1,0,0,0,0,1,0,0,0,0,1,0,0,0,0
420,3.96,87.0,19,99,5.5,Northeast,amber,0,0,0,0,0,0,1,1,0,0,0,0,0,0,0,0,0
421,4.3,88.0,19,19,4.9,Northeast,dark,0,1,0,0,0,0,0,1,0,0,0,0,1,0,0,0,0
422,2.7,64.0,1,4,4.6,Midwest,light,0,0,0,0,0,0,1,0,0,0,0,0,0,0,1,0,0
423,4.06,91.0,181,1,8.5,West,dark,0,1,0,0,0,0,0,0,0,1,0,0,1,0,0,0,0
424,3.6,82.0,271,1,6.2,South,hoppy,0,0,0,0,0,0,1,0,1,0,0,0,0,1,0,0,0
425,3.44,78.0,326,1,5.7,West,hoppy,0,0,1,0,0,0,0,0,0,1,0,0,0,1,0,0,0
426,4.09,91.0,38,180,8.0,Northeast,hoppy,0,0,1,0,0,0,0,1,0,0,0,0,0,1,0,0,0
427,3.61,83.0,4,45,5.0,South,amber,0,0,1,0,0,0,0,0,1,0,0,0,0,0,0,0,0
428,3.75,,1,4,4.8,West,hoppy,0,0,1,0,0,0,0,0,0,1,0,0,0,1,0,0,0
429,3.61,83.0,19,62,5.25,Midwest,hoppy,0,1,0,0,0,0,0,0,0,0,0,0,0,1,0,0,0
430,4.33,91.0,1,33,6.9,West,hoppy,0,1,0,0,0,0,0,0,0,1,0,0,0,1,0,0,0
431,2.51,60.0,116,235,0.5,World,light,0,0,0,0,0,0,1,0,0,0,1,0,0,0,1,0,0
432,3.75,84.0,9,51,5.0,West,dark,0,1,0,0,0,0,0,0,0,1,0,0,1,0,0,0,0
433,2.07,52.0,87,742,8.0,Midwest,dark,0,0,0,0,0,0,1,0,0,0,0,0,1,0,0,0,0
434,3.63,82.0,38,115,5.4,South,belgian,0,0,0,0,0,0,1,0,1,0,0,1,0,0,0,0,0
435,3.69,84.0,32,141,5.8,Midwest,hoppy,0,0,1,0,0,0,0,0,0,0,0,0,0,1,0,0,0
436,3.54,80.0,24,112,5.5,Midwest,wild,0,0,0,0,1,0,0,0,0,0,0,0,0,0,0,0,1
437,3.51,,0,2,5.1,West,light,0,0,1,0,0,0,0,0,0,1,0,0,0,0,1,0,0
438,3.12,74.0,334,417,5.5,Midwest,seasonal,0,1,0,0,0,0,0,0,0,0,0,0,0,0,0,1,0
439,3.52,,3,3,6.2,World,seasonal,0,1,0,0,0,0,0,0,0,0,1,0,0,0,0,1,0
440,3.53,,0,1,5.2,Midwest,dark,0,1,0,0,0,0,0,0,0,0,0,0,1,0,0,0,0
441,3.84,86.0,22,70,7.7,West,hoppy,0,1,0,0,0,0,0,0,0,1,0,0,0,1,0,0,0
442,4.09,91.0,1,4,9.6,West,dark,0,0,1,0,0,0,0,0,0,1,0,0,1,0,0,0,0
443,1.89,49.0,344,764,4.1,Midwest,light,0,1,0,0,0,0,0,0,0,0,0,0,0,0,1,0,0
444,3.61,82.0,942,3,4.7,West,light,0,0,0,0,0,0,1,0,0,1,0,0,0,0,1,0,0
445,3.18,77.0,7,13,3.8,West,light,0,0,0,0,0,0,1,0,0,1,0,0,0,0,1,0,0
446,4.04,90.0,769,1,10.2,West,dark,0,0,1,0,0,0,0,0,0,1,0,0,1,0,0,0,0
447,4.07,91.0,64,227,7.7,West,hoppy,0,0,0,0,1,0,0,0,0,1,0,0,0,1,0,0,0
448,2.49,73.0,1,16,5.2,South,wild,0,0,0,0,0,0,1,0,1,0,0,0,0,0,0,0,1
449,3.97,89.0,125,463,7.5,West,hoppy,0,1,0,0,0,0,0,0,0,1,0,0,0,1,0,0,0
450,4.07,91.0,1,4,4.8,West,belgian,0,0,0,0,0,0,1,0,0,1,0,1,0,0,0,0,0
451,4.0,89.0,1,5,8.2,West,hoppy,0,0,0,0,0,0,1,0,0,1,0,0,0,1,0,0,0
452,3.43,78.0,175,760,4.3,World,amber,0,0,0,0,0,0,1,0,0,0,1,0,0,0,0,0,0
453,3.77,87.0,8,23,4.3,Midwest,wild,0,1,0,0,0,0,0,0,0,0,0,0,0,0,0,0,1
454,4.01,87.0,5,16,7.4,Northeast,hoppy,0,0,1,0,0,0,0,1,0,0,0,0,0,1,0,0,0
455,3.43,,1,3,6.0,West,light,0,1,0,0,0,0,0,0,0,1,0,0,0,0,1,0,0
456,3.55,,0,1,6.4,West,hoppy,1,0,0,0,0,0,0,0,0,1,0,0,0,1,0,0,0
457,2.26,55.0,687,2,4.66,Midwest,light,0,0,0,0,0,0,1,0,0,0,0,0,0,0,1,0,0
458,4.04,90.0,333,986,8.5,Northeast,hoppy,0,0,1,0,0,0,0,1,0,0,0,0,0,1,0,0,0
459,3.88,87.0,1,2,5.6,West,dark,0,0,0,0,0,0,1,0,0,1,0,0,1,0,0,0,0
460,2.57,62.0,171,789,6.9,Midwest,amber,0,1,0,0,0,0,0,0,0,0,0,0,0,0,0,0,0
461,4.03,,0,1,7.0,World,hoppy,0,0,0,0,0,0,1,0,0,0,1,0,0,1,0,0,0
462,4.12,92.0,976,2,8.8,West,amber,0,0,0,1,0,0,0,0,0,1,0,0,0,0,0,0,0
463,3.99,89.0,219,243,7.8,West,hoppy,0,1,0,0,0,0,0,0,0,1,0,0,0,1,0,0,0
464,3.66,,0,9,6.0,World,belgian,0,0,0,0,0,0,1,0,0,0,1,1,0,0,0,0,0
465,2.0,51.0,202,564,6.0,Midwest,dark,0,0,0,0,0,0,1,0,0,0,0,0,1,0,0,0,0
466,3.82,86.0,74,259,7.3,West,amber,0,0,0,0,0,1,0,0,0,1,0,0,0,0,0,0,0
467,3.89,,2,4,6.7,West,hoppy,0,1,0,0,0,0,0,0,0,1,0,0,0,1,0,0,0
468,3.9,87.0,69,115,8.5,South,dark,0,1,0,0,0,0,0,0,1,0,0,0,1,0,0,0,0
469,4.0,89.0,1,7,6.0,West,dark,0,0,0,0,0,0,1,0,0,1,0,0,1,0,0,0,0
470,3.53,81.0,5,37,4.4,South,belgian,0,0,1,0,0,0,0,0,1,0,0,1,0,0,0,0,0
471,3.29,78.0,2,16,5.0,Northeast,light,0,0,1,0,0,0,0,1,0,0,0,0,0,0,1,0,0
472,4.3,95.0,4,16,9.0,South,hoppy,0,0,0,0,0,0,1,0,1,0,0,0,0,1,0,0,0
473,4.19,92.0,5,43,11.4,West,dark,0,1,0,0,0,0,0,0,0,1,0,0,1,0,0,0,0
474,3.63,82.0,173,1,4.8,West,hoppy,0,1,0,0,0,0,0,0,0,1,0,0,0,1,0,0,0
475,3.74,84.0,431,1,4.5,West,wild,0,1,0,0,0,0,0,0,0,1,0,0,0,0,0,0,1
476,3.85,87.0,116,632,8.0,West,hoppy,0,0,1,0,0,0,0,0,0,1,0,0,0,1,0,0,0
477,3.64,82.0,1,2,5.9,World,seasonal,0,0,0,0,0,0,1,0,0,0,1,0,0,0,0,1,0
478,3.7,84.0,233,1,7.7,West,hoppy,0,1,0,0,0,0,0,0,0,1,0,0,0,1,0,0,0
479,4.04,90.0,1,5,8.0,West,amber,0,0,0,0,0,0,1,0,0,1,0,0,0,0,0,0,0
480,4.07,90.0,60,207,8.5,West,belgian,0,0,1,0,0,0,0,0,0,1,0,1,0,0,0,0,0
481,1.57,42.0,581,2,4.2,Midwest,light,0,0,0,0,0,0,1,0,0,0,0,0,0,0,1,0,0
482,3.58,81.0,29,49,5.5,Northeast,amber,0,0,1,0,0,0,0,1,0,0,0,0,0,0,0,0,0
483,3.66,83.0,177,1,5.3,West,belgian,0,1,0,0,0,0,0,0,0,1,0,1,0,0,0,0,0
484,3.86,87.0,263,772,7.0,West,belgian,0,1,0,0,0,0,0,0,0,1,0,1,0,0,0,0,0
485,3.36,,6,6,,Midwest,hoppy,0,1,0,0,0,0,0,0,0,0,0,0,0,1,0,0,0
486,4.02,88.0,4,15,20.0,Midwest,dark,0,1,0,0,0,0,0,0,0,0,0,0,1,0,0,0,0
487,3.72,85.0,9,35,6.8,World,hoppy,0,1,0,0,0,0,0,0,0,0,1,0,0,1,0,0,0
488,3.93,88.0,487,1,6.2,Northeast,hoppy,0,0,0,0,0,0,1,1,0,0,0,0,0,1,0,0,0
489,4.23,93.0,2,28,10.8,Midwest,dark,0,1,0,0,0,0,0,0,0,0,0,0,1,0,0,0,0
490,3.89,87.0,175,292,6.2,Northeast,seasonal,0,0,0,0,0,0,0,1,0,0,0,0,0,0,0,1,0
491,3.86,87.0,51,180,6.9,West,hoppy,0,1,0,0,0,0,0,0,0,1,0,0,0,1,0,0,0
492,3.84,84.0,0,10,5.5,West,amber,0,1,0,0,0,0,0,0,0,1,0,0,0,0,0,0,0
493,3.9,88.0,220,533,9.0,West,dark,0,1,0,0,0,0,0,0,0,1,0,0,1,0,0,0,0
494,3.45,79.0,153,382,7.5,West,amber,0,0,0,0,0,0,1,0,0,1,0,0,0,0,0,0,0
495,4.12,92.0,376,2,8.2,West,dark,0,0,1,0,0,0,0,0,0,1,0,0,1,0,0,0,0
496,4.1,91.0,126,563,8.2,West,hoppy,0,1,0,0,0,0,0,0,0,1,0,0,0,1,0,0,0
497,3.54,80.0,52,217,4.8,West,light,0,0,0,0,0,0,1,0,0,1,0,0,0,0,1,0,0
498,3.66,83.0,123,371,4.4,Midwest,hoppy,0,0,0,0,0,0,1,0,0,0,0,0,0,1,0,0,0
499,3.64,81.0,11,34,6.0,Midwest,wild,0,0,1,0,0,0,0,0,0,0,0,0,0,0,0,0,1
500,1.69,45.0,386,1,5.9,Midwest,light,0,0,0,0,0,0,1,0,0,0,0,0,0,0,1,0,0
501,2.22,54.0,129,263,0.5,Midwest,light,0,0,0,0,0,0,1,0,0,0,0,0,0,0,1,0,0
502,3.59,81.0,76,405,5.0,West,light,0,0,0,1,0,0,0,0,0,1,0,0,0,0,1,0,0
503,3.76,83.0,2,16,6.7,West,seasonal,0,0,0,0,0,0,0,0,0,1,0,0,0,0,0,1,0
504,4.29,95.0,2,8,8.5,World,hoppy,0,0,0,0,0,0,1,0,0,0,1,0,0,1,0,0,0
505,3.32,78.0,16,35,5.5,West,light,0,0,0,0,1,0,0,0,0,1,0,0,0,0,1,0,0
506,4.05,90.0,690,3,8.0,West,hoppy,0,0,1,0,0,0,0,0,0,1,0,0,0,1,0,0,0
507,3.61,82.0,6,14,5.5,West,seasonal,0,0,0,0,0,0,0,0,0,1,0,0,0,0,0,1,0
508,2.45,59.0,160,356,8.0,Midwest,dark,0,0,0,0,0,0,1,0,0,0,0,0,1,0,0,0,0
509,3.84,86.0,455,1,7.5,West,belgian,0,1,0,0,0,0,0,0,0,1,0,1,0,0,0,0,0
510,3.97,89.0,139,1,6.9,West,amber,0,0,0,0,0,0,1,0,0,1,0,0,0,0,0,0,0
511,3.98,,0,6,7.3,West,amber,0,0,1,0,0,0,0,0,0,1,0,0,0,0,0,0,0
512,3.27,,3,8,3.2,West,light,0,0,0,0,1,0,0,0,0,1,0,0,0,0,1,0,0
513,4.1,91.0,1,4,5.6,West,amber,0,0,0,0,0,0,1,0,0,1,0,0,0,0,0,0,0
514,4.23,94.0,2,6,5.0,World,dark,0,0,0,0,0,0,1,0,0,0,1,0,1,0,0,0,0
515,3.82,85.0,8,34,6.8,West,light,0,1,0,0,0,0,0,0,0,1,0,0,0,0,1,0,0
516,3.82,86.0,367,1,5.2,West,light,0,0,0,0,0,0,1,0,0,1,0,0,0,0,1,0,0
517,3.92,87.0,14,75,7.0,Northeast,dark,0,0,1,0,0,0,0,1,0,0,0,0,1,0,0,0,0
518,3.77,85.0,49,137,4.8,West,dark,0,0,0,0,0,1,0,0,0,1,0,0,1,0,0,0,0
519,3.63,,2,5,4.1,Northeast,hoppy,0,1,0,0,0,0,0,1,0,0,0,0,0,1,0,0,0
520,3.91,86.0,0,19,10.5,West,dark,0,1,0,0,0,0,0,0,0,1,0,0,1,0,0,0,0
521,3.91,,0,5,6.4,Northeast,hoppy,0,0,1,0,0,0,0,1,0,0,0,0,0,1,0,0,0
522,3.83,86.0,3,11,8.0,West,amber,0,1,0,0,0,0,0,0,0,1,0,0,0,0,0,0,0
523,4.18,93.0,1,5,10.2,West,dark,0,0,1,0,0,0,0,0,0,1,0,0,1,0,0,0,0
524,4.06,,0,4,5.6,West,belgian,0,0,1,0,0,0,0,0,0,1,0,1,0,0,0,0,0
525,3.84,86.0,132,457,5.6,West,hoppy,0,1,0,0,0,0,0,0,0,1,0,0,0,1,0,0,0
526,3.79,85.0,54,232,4.9,West,hoppy,0,0,1,0,0,0,0,0,0,1,0,0,0,1,0,0,0
527,1.94,49.0,189,620,0.5,Midwest,light,0,0,0,0,0,0,1,0,0,0,0,0,0,0,1,0,0
528,3.38,,2,8,4.8,Northeast,wild,0,0,0,0,1,0,0,1,0,0,0,0,0,0,0,0,1
529,3.69,83.0,37,122,4.6,West,hoppy,0,1,0,0,0,0,0,0,0,1,0,0,0,1,0,0,0
530,4.01,90.0,234,1,10.2,West,belgian,0,0,1,0,0,0,0,0,0,1,0,1,0,0,0,0,0
531,4.05,90.0,3,11,5.6,West,hoppy,0,0,0,0,0,0,1,0,0,1,0,0,0,1,0,0,0
532,2.35,62.0,9,21,8.0,Midwest,dark,0,0,1,0,0,0,0,0,0,0,0,0,1,0,0,0,0
533,4.26,93.0,10,63,7.2,Northeast,hoppy,0,1,0,0,0,0,0,1,0,0,0,0,0,1,0,0,0
534,3.95,88.0,438,1,6.2,West,hoppy,0,0,0,0,0,0,1,0,0,1,0,0,0,1,0,0,0
535,2.7,65.0,152,473,6.0,Midwest,wild,0,0,0,0,0,0,1,0,0,0,0,0,0,0,0,0,1
536,4.02,90.0,8,89,,South,hoppy,0,1,0,0,0,0,0,0,1,0,0,0,0,1,0,0,0
537,4.1,92.0,390,1,10.8,Midwest,dark,0,0,0,1,0,0,0,0,0,0,0,0,1,0,0,0,0
538,3.68,83.0,2,7,5.3,Northeast,seasonal,0,0,0,0,0,0,0,1,0,0,0,0,0,0,0,1,0
539,4.27,95.0,1,7,6.5,Midwest,dark,0,0,0,0,0,0,1,0,0,0,0,0,1,0,0,0,0
540,3.82,86.0,194,503,8.0,West,amber,0,1,0,0,0,0,0,0,0,1,0,0,0,0,0,0,0
541,3.68,84.0,51,87,6.1,West,hoppy,0,0,0,0,0,0,1,0,0,1,0,0,0,1,0,0,0
542,4.12,90.0,9,45,11.0,Midwest,dark,0,0,0,0,0,0,0,0,0,0,0,0,1,0,0,0,0
543,4.37,95.0,13,129,14.17,West,dark,0,0,1,0,0,0,0,0,0,1,0,0,1,0,0,0,0
544,2.62,63.0,224,523,4.0,Midwest,amber,0,0,0,0,0,0,1,0,0,0,0,0,0,0,0,0,0
545,4.0,85.0,3,12,5.0,Northeast,belgian,0,0,1,0,0,0,0,1,0,0,0,1,0,0,0,0,0
546,4.44,,1,1,,Midwest,hoppy,0,1,0,0,0,0,0,0,0,0,0,0,0,1,0,0,0
547,3.72,,1,5,4.3,West,hoppy,0,1,0,0,0,0,0,0,0,1,0,0,0,1,0,0,0
548,0.0,,0,0,,South,dark,0,1,0,0,0,0,0,0,1,0,0,0,1,0,0,0,0
549,4.11,,1,7,8.0,West,amber,0,0,0,0,0,0,0,0,0,1,0,0,0,0,0,0,0
550,3.75,,0,1,5.2,West,dark,0,0,1,0,0,0,0,0,0,1,0,0,1,0,0,0,0
551,3.85,86.0,29,103,7.7,South,wild,0,1,0,0,0,0,0,0,1,0,0,0,0,0,0,0,1
552,3.89,,2,3,9.0,West,hoppy,0,1,0,0,0,0,0,0,0,1,0,0,0,1,0,0,0
553,4.38,95.0,24,146,9.8,Northeast,dark,0,0,0,0,0,1,0,1,0,0,0,0,1,0,0,0,0
554,3.87,87.0,32,59,11.5,Northeast,dark,0,0,1,0,0,0,0,1,0,0,0,0,1,0,0,0,0
555,1.53,43.0,152,603,2.4,Midwest,light,0,0,0,0,0,0,1,0,0,0,0,0,0,0,1,0,0
556,2.55,62.0,25,149,8.0,Midwest,dark,0,1,0,0,0,0,0,0,0,0,0,0,1,0,0,0,0
557,3.68,83.0,175,922,8.0,South,hoppy,0,1,0,0,0,0,0,0,1,0,0,0,0,1,0,0,0
558,3.8,85.0,114,334,6.5,Midwest,amber,0,0,1,0,0,0,0,0,0,0,0,0,0,0,0,0,0
559,4.0,89.0,38,140,9.0,West,hoppy,0,0,1,0,0,0,0,0,0,1,0,0,0,1,0,0,0
560,3.62,82.0,94,235,7.0,West,light,0,0,1,0,0,0,0,0,0,1,0,0,0,0,1,0,0
561,3.64,82.0,168,851,5.6,Northeast,dark,0,0,1,0,0,0,0,1,0,0,0,0,1,0,0,0,0
562,3.61,83.0,1,19,5.1,South,amber,0,0,1,0,0,0,0,0,1,0,0,0,0,0,0,0,0
563,3.23,76.0,18,60,4.9,West,light,0,0,0,0,0,0,1,0,0,1,0,0,0,0,1,0,0
564,3.03,74.0,15,61,5.0,Midwest,amber,0,0,0,0,0,0,1,0,0,0,0,0,0,0,0,0,0
565,3.91,88.0,1,5,6.6,West,amber,0,0,0,1,0,0,0,0,0,1,0,0,0,0,0,0,0
566,3.56,,2,6,6.2,West,amber,0,0,1,0,0,0,0,0,0,1,0,0,0,0,0,0,0
567,3.68,83.0,146,164,5.25,Midwest,amber,0,0,0,1,0,0,0,0,0,0,0,0,0,0,0,0,0
568,3.81,,2,5,6.5,West,hoppy,0,1,0,0,0,0,0,0,0,1,0,0,0,1,0,0,0
569,3.29,,0,4,,West,amber,0,0,0,1,0,0,0,0,0,1,0,0,0,0,0,0,0
570,2.74,65.0,5,10,8.0,Midwest,dark,0,1,0,0,0,0,0,0,0,0,0,0,1,0,0,0,0
571,4.04,89.0,41,165,6.5,West,amber,0,0,0,0,0,0,1,0,0,1,0,0,0,0,0,0,0
572,2.92,76.0,6,17,5.0,Northeast,amber,0,1,0,0,0,0,0,1,0,0,0,0,0,0,0,0,0
573,3.76,85.0,4,20,5.2,West,belgian,0,1,0,0,0,0,0,0,0,1,0,1,0,0,0,0,0
574,2.51,64.0,33,112,8.0,Midwest,wild,0,0,0,0,0,0,1,0,0,0,0,0,0,0,0,0,1
575,3.23,,2,4,7.0,West,hoppy,0,1,0,0,0,0,0,0,0,1,0,0,0,1,0,0,0
576,3.4,82.0,10,16,4.2,West,hoppy,0,0,0,0,0,0,1,0,0,1,0,0,0,1,0,0,0
577,3.88,89.0,28,51,9.5,Northeast,dark,0,1,0,0,0,0,0,1,0,0,0,0,1,0,0,0,0
578,3.72,84.0,8,14,10.0,Northeast,hoppy,0,0,1,0,0,0,0,1,0,0,0,0,0,1,0,0,0
579,4.05,90.0,2,5,5.3,Northeast,light,0,0,0,0,0,0,1,1,0,0,0,0,0,0,1,0,0
580,3.89,88.0,56,340,8.9,West,dark,0,1,0,0,0,0,0,0,0,1,0,0,1,0,0,0,0
581,3.98,87.0,9,75,8.1,West,light,0,1,0,0,0,0,0,0,0,1,0,0,0,0,1,0,0
582,2.5,64.0,27,124,8.0,Midwest,wild,0,0,0,0,0,0,1,0,0,0,0,0,0,0,0,0,1
583,4.02,90.0,406,955,12.0,Midwest,dark,0,0,0,0,1,0,0,0,0,0,0,0,1,0,0,0,0
584,3.64,,1,2,5.0,Northeast,amber,0,1,0,0,0,0,0,1,0,0,0,0,0,0,0,0,0
585,3.94,87.0,2,28,6.4,Northeast,hoppy,0,1,0,0,0,0,0,1,0,0,0,0,0,1,0,0,0
586,4.06,89.0,9,19,5.5,Northeast,dark,0,0,1,0,0,0,0,1,0,0,0,0,1,0,0,0,0
587,3.79,85.0,17,126,3.8,Northeast,light,0,1,0,0,0,0,0,1,0,0,0,0,0,0,1,0,0
588,4.2,93.0,1,5,6.6,Midwest,amber,0,0,0,0,0,0,0,0,0,0,0,0,0,0,0,0,0
589,3.89,87.0,13,61,4.5,Northeast,wild,0,0,1,0,0,0,0,1,0,0,0,0,0,0,0,0,1
590,4.4,97.0,133,1,9.5,Midwest,hoppy,0,0,1,0,0,0,0,0,0,0,0,0,0,1,0,0,0
591,4.07,90.0,9,56,10.5,World,dark,0,1,0,0,0,0,0,0,0,0,1,0,1,0,0,0,0
592,3.37,78.0,49,100,4.8,Northeast,amber,0,0,1,0,0,0,0,1,0,0,0,0,0,0,0,0,0
593,3.72,84.0,72,259,5.2,West,belgian,0,0,0,0,0,0,1,0,0,1,0,1,0,0,0,0,0
594,3.65,87.0,1,11,,South,dark,0,0,1,0,0,0,0,0,1,0,0,0,1,0,0,0,0
595,3.82,86.0,74,259,7.3,West,amber,0,0,0,0,0,1,0,0,0,1,0,0,0,0,0,0,0
596,4.09,92.0,11,82,13.0,West,dark,0,1,0,0,0,0,0,0,0,1,0,0,1,0,0,0,0
597,3.71,84.0,200,762,5.3,West,hoppy,0,0,0,0,0,0,1,0,0,1,0,0,0,1,0,0,0
598,3.59,82.0,11,87,5.6,South,amber,0,0,0,0,0,0,1,0,1,0,0,0,0,0,0,0,0
599,3.89,87.0,25,125,9.0,World,dark,0,1,0,0,0,0,0,0,0,0,1,0,1,0,0,0,0
600,3.63,82.0,109,593,8.5,Midwest,wild,0,1,0,0,0,0,0,0,0,0,0,0,0,0,0,0,1
601,3.94,88.0,123,230,6.8,World,hoppy,0,0,1,0,0,0,0,0,0,0,1,0,0,1,0,0,0
602,4.02,,1,4,6.2,South,dark,0,1,0,0,0,0,0,0,1,0,0,0,1,0,0,0,0
603,3.4,78.0,21,122,6.0,South,belgian,0,0,0,0,0,1,0,0,1,0,0,1,0,0,0,0,0
604,3.55,81.0,192,472,5.25,Midwest,amber,0,0,0,0,0,0,1,0,0,0,0,0,0,0,0,0,0
605,3.62,84.0,16,36,4.6,West,hoppy,0,0,1,0,0,0,0,0,0,1,0,0,0,1,0,0,0
606,3.74,83.0,15,29,6.0,West,light,0,0,0,0,0,1,0,0,0,1,0,0,0,0,1,0,0
607,3.63,84.0,6,11,,Northeast,wild,0,1,0,0,0,0,0,1,0,0,0,0,0,0,0,0,1
608,3.68,85.0,8,35,6.0,Midwest,hoppy,0,0,1,0,0,0,0,0,0,0,0,0,0,1,0,0,0
609,3.13,73.0,189,216,5.5,West,hoppy,0,0,0,0,0,0,1,0,0,1,0,0,0,1,0,0,0
610,4.08,91.0,176,597,8.0,West,hoppy,0,0,1,0,0,0,0,0,0,1,0,0,0,1,0,0,0
611,3.84,87.0,5,45,5.2,West,dark,0,0,1,0,0,0,0,0,0,1,0,0,1,0,0,0,0
612,3.98,89.0,967,3,6.3,South,hoppy,0,0,0,0,0,0,1,0,1,0,0,0,0,1,0,0,0
613,3.85,87.0,29,120,6.8,Midwest,hoppy,0,0,1,0,0,0,0,0,0,0,0,0,0,1,0,0,0
614,3.96,91.0,13,35,12.4,South,dark,0,0,1,0,0,0,0,0,1,0,0,0,1,0,0,0,0
615,4.48,99.0,416,2,12.9,West,dark,0,0,1,0,0,0,0,0,0,1,0,0,1,0,0,0,0
616,4.4,97.0,2,10,10.5,West,dark,0,0,0,0,0,0,0,0,0,1,0,0,1,0,0,0,0
617,3.56,81.0,68,198,3.8,Northeast,amber,0,0,0,0,1,0,0,1,0,0,0,0,0,0,0,0,0
618,3.47,79.0,163,770,5.0,World,amber,0,0,0,0,0,0,0,0,0,0,1,0,0,0,0,0,0
619,3.84,86.0,308,825,7.7,South,seasonal,0,0,0,0,0,1,0,0,1,0,0,0,0,0,0,1,0
620,1.73,50.0,79,145,4.5,Midwest,wild,0,1,0,0,0,0,0,0,0,0,0,0,0,0,0,0,1
621,4.05,90.0,1,3,6.7,West,hoppy,0,0,0,0,1,0,0,0,0,1,0,0,0,1,0,0,0
622,4.62,100.0,6,119,7.2,West,wild,0,1,0,0,0,0,0,0,0,1,0,0,0,0,0,0,1
623,3.35,77.0,1,5,5.3,Northeast,light,0,0,0,0,1,0,0,1,0,0,0,0,0,0,1,0,0
624,3.81,85.0,130,462,4.9,West,wild,0,1,0,0,0,0,0,0,0,1,0,0,0,0,0,0,1
625,4.28,94.0,45,235,5.2,Northeast,hoppy,0,0,1,0,0,0,0,1,0,0,0,0,0,1,0,0,0
626,3.7,83.0,1,4,5.0,West,light,0,0,0,0,1,0,0,0,0,1,0,0,0,0,1,0,0
627,3.87,87.0,33,71,4.6,West,hoppy,0,1,0,0,0,0,0,0,0,1,0,0,0,1,0,0,0
628,4.25,,0,1,6.1,Midwest,amber,0,1,0,0,0,0,0,0,0,0,0,0,0,0,0,0,0
629,3.96,87.0,3,15,5.8,West,hoppy,0,1,0,0,0,0,0,0,0,1,0,0,0,1,0,0,0
630,3.73,84.0,150,456,5.6,South,amber,0,0,1,0,0,0,0,0,1,0,0,0,0,0,0,0,0
631,3.74,83.0,17,34,5.5,West,light,0,0,1,0,0,0,0,0,0,1,0,0,0,0,1,0,0
632,3.82,86.0,125,511,7.7,West,hoppy,0,1,0,0,0,0,0,0,0,1,0,0,0,1,0,0,0
633,4.15,92.0,112,452,9.0,South,dark,0,0,0,0,0,1,0,0,1,0,0,0,1,0,0,0,0
634,3.96,,4,8,7.5,West,hoppy,0,1,0,0,0,0,0,0,0,1,0,0,0,1,0,0,0
635,3.49,80.0,53,136,4.7,South,light,0,1,0,0,0,0,0,0,1,0,0,0,0,0,1,0,0
636,4.02,89.0,40,199,7.0,Midwest,hoppy,0,0,1,0,0,0,0,0,0,0,0,0,0,1,0,0,0
637,3.51,80.0,51,62,8.0,South,wild,0,1,0,0,0,0,0,0,1,0,0,0,0,0,0,0,1
638,3.51,80.0,71,488,5.5,South,light,0,1,0,0,0,0,0,0,1,0,0,0,0,0,1,0,0
639,3.88,88.0,16,33,8.0,West,hoppy,0,0,1,0,0,0,0,0,0,1,0,0,0,1,0,0,0
640,4.0,,0,1,7.3,West,dark,0,1,0,0,0,0,0,0,0,1,0,0,1,0,0,0,0
641,4.52,96.0,4,56,11.0,West,dark,0,1,0,0,0,0,0,0,0,1,0,0,1,0,0,0,0
642,3.43,,1,7,5.1,Northeast,belgian,0,1,0,0,0,0,0,1,0,0,0,1,0,0,0,0,0
643,3.99,85.0,5,29,5.2,Northeast,wild,0,0,1,0,0,0,0,1,0,0,0,0,0,0,0,0,1
644,3.69,83.0,204,1,5.7,West,hoppy,0,1,0,0,0,0,0,0,0,1,0,0,0,1,0,0,0
645,3.77,,2,6,5.4,South,wild,0,0,1,0,0,0,0,0,1,0,0,0,0,0,0,0,1
646,3.72,84.0,32,125,6.1,South,hoppy,0,0,0,0,0,1,0,0,1,0,0,0,0,1,0,0,0
647,3.84,86.0,129,463,6.3,West,belgian,0,0,0,0,1,0,0,0,0,1,0,1,0,0,0,0,0
648,3.8,86.0,3,40,5.2,South,dark,0,0,0,0,0,1,0,0,1,0,0,0,1,0,0,0,0
649,4.55,100.0,4,17,8.3,Midwest,dark,0,0,0,0,0,0,1,0,0,0,0,0,1,0,0,0,0
650,4.35,96.0,1,10,7.85,West,hoppy,0,0,0,0,0,0,1,0,0,1,0,0,0,1,0,0,0
651,3.25,75.0,220,637,4.5,West,light,0,0,0,0,0,0,1,0,0,1,0,0,0,0,1,0,0
652,4.18,93.0,206,1,6.0,Midwest,hoppy,0,0,0,0,0,0,1,0,0,0,0,0,0,1,0,0,0
653,3.89,86.0,0,11,,South,dark,0,0,1,0,0,0,0,0,1,0,0,0,1,0,0,0,0
654,3.6,82.0,70,387,4.4,Midwest,hoppy,0,0,1,0,0,0,0,0,0,0,0,0,0,1,0,0,0
655,3.71,84.0,87,143,8.0,South,wild,0,1,0,0,0,0,0,0,1,0,0,0,0,0,0,0,1
656,3.65,85.0,0,12,5.0,Northeast,wild,0,0,1,0,0,0,0,1,0,0,0,0,0,0,0,0,1
657,3.8,86.0,190,743,10.0,West,hoppy,0,0,1,0,0,0,0,0,0,1,0,0,0,1,0,0,0
658,3.91,88.0,254,593,11.0,West,dark,0,0,0,0,0,0,0,0,0,1,0,0,1,0,0,0,0
659,3.47,79.0,162,527,5.7,South,light,0,1,0,0,0,0,0,0,1,0,0,0,0,0,1,0,0
660,3.57,81.0,165,504,4.9,South,light,0,0,0,0,1,0,0,0,1,0,0,0,0,0,1,0,0
661,3.9,87.0,69,115,8.5,South,dark,0,1,0,0,0,0,0,0,1,0,0,0,1,0,0,0,0
662,3.77,85.0,158,413,6.6,South,dark,0,1,0,0,0,0,0,0,1,0,0,0,1,0,0,0,0
663,4.43,,2,3,7.0,West,amber,0,1,0,0,0,0,0,0,0,1,0,0,0,0,0,0,0
664,3.69,84.0,167,245,6.9,World,hoppy,0,0,1,0,0,0,0,0,0,0,1,0,0,1,0,0,0
665,3.65,82.0,83,325,4.4,Northeast,light,0,0,0,0,1,0,0,1,0,0,0,0,0,0,1,0,0
666,3.93,91.0,1,20,11.0,Midwest,dark,0,1,0,0,0,0,0,0,0,0,0,0,1,0,0,0,0
667,4.01,89.0,391,612,6.8,West,light,0,1,0,0,0,0,0,0,0,1,0,0,0,0,1,0,0
668,3.89,,2,9,7.0,West,amber,0,0,1,0,0,0,0,0,0,1,0,0,0,0,0,0,0
669,4.04,,0,4,11.4,West,dark,0,1,0,0,0,0,0,0,0,1,0,0,1,0,0,0,0
670,3.52,80.0,59,76,4.0,World,light,0,0,0,0,0,0,1,0,0,0,1,0,0,0,1,0,0
671,2.99,70.0,21,33,4.2,Midwest,light,0,1,0,0,0,0,0,0,0,0,0,0,0,0,1,0,0
672,4.29,95.0,163,556,12.9,West,dark,0,0,1,0,0,0,0,0,0,1,0,0,1,0,0,0,0
673,3.73,85.0,36,97,4.5,South,wild,0,0,1,0,0,0,0,0,1,0,0,0,0,0,0,0,1
674,3.5,,0,1,6.5,South,hoppy,0,1,0,0,0,0,0,0,1,0,0,0,0,1,0,0,0
675,3.81,86.0,1,5,4.9,World,belgian,0,0,0,0,0,0,1,0,0,0,1,1,0,0,0,0,0
676,4.63,,0,4,11.5,South,dark,0,1,0,0,0,0,0,0,1,0,0,0,1,0,0,0,0
677,3.41,,0,2,5.25,Midwest,amber,0,1,0,0,0,0,0,0,0,0,0,0,0,0,0,0,0
678,3.87,86.0,17,73,7.8,West,amber,0,1,0,0,0,0,0,0,0,1,0,0,0,0,0,0,0
679,4.19,91.0,38,109,9.8,West,amber,0,1,0,0,0,0,0,0,0,1,0,0,0,0,0,0,0
680,3.65,85.0,9,14,,Northeast,dark,0,0,1,0,0,0,0,1,0,0,0,0,1,0,0,0,0
681,4.17,92.0,1,16,12.1,Midwest,dark,0,1,0,0,0,0,0,0,0,0,0,0,1,0,0,0,0
682,3.25,,2,6,5.3,West,hoppy,0,1,0,0,0,0,0,0,0,1,0,0,0,1,0,0,0
683,3.71,82.0,25,39,5.5,Northeast,seasonal,0,0,1,0,0,0,0,1,0,0,0,0,0,0,0,1,0
684,4.08,89.0,5,30,4.1,Northeast,hoppy,0,0,1,0,0,0,0,1,0,0,0,0,0,1,0,0,0
685,3.9,88.0,31,109,8.3,South,wild,0,1,0,0,0,0,0,0,1,0,0,0,0,0,0,0,1
686,3.86,,1,2,4.7,West,hoppy,0,1,0,0,0,0,0,0,0,1,0,0,0,1,0,0,0
687,3.98,86.0,6,20,7.5,South,light,0,1,0,0,0,0,0,0,1,0,0,0,0,0,1,0,0
688,3.6,82.0,8,19,4.4,Midwest,light,0,0,1,0,0,0,0,0,0,0,0,0,0,0,1,0,0
689,3.22,69.0,14,29,4.7,West,light,0,0,0,0,0,0,1,0,0,1,0,0,0,0,1,0,0
690,3.66,83.0,779,2,5.0,Midwest,belgian,0,0,0,0,0,1,0,0,0,0,0,1,0,0,0,0,0
691,3.81,86.0,50,364,6.3,South,hoppy,0,0,0,0,0,1,0,0,1,0,0,0,0,1,0,0,0
692,3.72,84.0,90,311,7.5,West,seasonal,0,0,0,0,0,0,0,0,0,1,0,0,0,0,0,1,0
693,3.94,88.0,868,2,7.85,West,amber,0,0,0,1,0,0,0,0,0,1,0,0,0,0,0,0,0
694,3.76,85.0,176,1,6.3,West,light,0,1,0,0,0,0,0,0,0,1,0,0,0,0,1,0,0
695,3.55,83.0,2,28,6.6,West,belgian,0,0,1,0,0,0,0,0,0,1,0,1,0,0,0,0,0
696,4.21,,0,1,6.0,South,dark,0,0,1,0,0,0,0,0,1,0,0,0,1,0,0,0,0
697,4.03,,0,8,5.7,Midwest,hoppy,0,1,0,0,0,0,0,0,0,0,0,0,0,1,0,0,0
698,3.68,83.0,186,1,5.6,West,amber,0,1,0,0,0,0,0,0,0,1,0,0,0,0,0,0,0
699,3.68,83.0,1,4,5.4,West,dark,0,0,0,0,0,0,1,0,0,1,0,0,1,0,0,0,0
700,3.52,,0,4,5.3,West,hoppy,0,0,0,0,0,0,0,0,0,1,0,0,0,1,0,0,0
701,3.61,82.0,98,602,5.5,Midwest,hoppy,0,0,0,0,1,0,0,0,0,0,0,0,0,1,0,0,0
702,3.45,81.0,4,38,5.3,South,amber,0,0,0,0,0,0,1,0,1,0,0,0,0,0,0,0,0
703,3.76,85.0,205,1,5.2,South,light,0,0,0,0,0,0,1,0,1,0,0,0,0,0,1,0,0
704,3.9,87.0,15,38,7.6,South,amber,0,1,0,0,0,0,0,0,1,0,0,0,0,0,0,0,0
705,3.88,87.0,312,1,6.7,West,hoppy,0,0,0,0,0,0,1,0,0,1,0,0,0,1,0,0,0
706,4.19,93.0,58,193,11.9,West,dark,0,1,0,0,0,0,0,0,0,1,0,0,1,0,0,0,0
707,4.35,96.0,296,1,13.0,West,dark,0,0,1,0,0,0,0,0,0,1,0,0,1,0,0,0,0
708,4.1,90.0,10,32,6.4,West,wild,0,1,0,0,0,0,0,0,0,1,0,0,0,0,0,0,1
709,2.66,64.0,14,35,8.0,Midwest,dark,0,0,0,0,1,0,0,0,0,0,0,0,1,0,0,0,0
710,3.56,81.0,78,434,5.7,South,belgian,0,0,1,0,0,0,0,0,1,0,0,1,0,0,0,0,0
711,4.03,88.0,1,16,7.2,Midwest,hoppy,0,1,0,0,0,0,0,0,0,0,0,0,0,1,0,0,0
712,4.33,96.0,546,2,11.7,West,hoppy,0,0,0,1,0,0,0,0,0,1,0,0,0,1,0,0,0
713,3.91,,0,3,5.7,West,light,0,1,0,0,0,0,0,0,0,1,0,0,0,0,1,0,0
714,4.09,89.0,22,75,9.8,West,amber,0,1,0,0,0,0,0,0,0,1,0,0,0,0,0,0,0
715,3.86,87.0,977,2,9.1,West,dark,0,0,0,0,0,1,0,0,0,1,0,0,1,0,0,0,0
716,2.86,68.0,149,503,4.9,Midwest,amber,0,0,0,0,0,0,1,0,0,0,0,0,0,0,0,0,0
717,3.65,,0,1,5.4,Northeast,hoppy,0,1,0,0,0,0,0,1,0,0,0,0,0,1,0,0,0
718,3.78,85.0,60,236,5.5,South,hoppy,0,0,1,0,0,0,0,0,1,0,0,0,0,1,0,0,0
719,3.88,85.0,9,40,5.2,World,light,0,0,1,0,0,0,0,0,0,0,1,0,0,0,1,0,0
720,3.62,82.0,7,17,4.6,Northeast,light,0,0,0,0,1,0,0,1,0,0,0,0,0,0,1,0,0
721,4.29,95.0,445,2,8.0,Midwest,hoppy,0,0,0,0,0,0,1,0,0,0,0,0,0,1,0,0,0
722,3.2,79.0,34,36,5.6,Midwest,seasonal,0,1,0,0,0,0,0,0,0,0,0,0,0,0,0,1,0
723,3.84,86.0,12,53,6.3,South,belgian,0,0,0,0,0,1,0,0,1,0,0,1,0,0,0,0,0
724,4.06,91.0,36,185,7.0,Northeast,hoppy,0,0,1,0,0,0,0,1,0,0,0,0,0,1,0,0,0
725,3.95,88.0,768,2,5.2,Midwest,dark,0,0,0,0,0,0,1,0,0,0,0,0,1,0,0,0,0
726,3.63,82.0,340,730,4.9,Northeast,dark,0,0,0,0,0,0,1,1,0,0,0,0,1,0,0,0,0
727,3.89,87.0,479,769,10.7,Northeast,dark,0,0,0,1,0,0,0,1,0,0,0,0,1,0,0,0,0
728,3.11,71.0,19,31,4.2,Midwest,light,0,1,0,0,0,0,0,0,0,0,0,0,0,0,1,0,0
729,4.14,,1,5,10.1,West,dark,0,1,0,0,0,0,0,0,0,1,0,0,1,0,0,0,0
730,3.5,,0,2,5.6,Midwest,amber,0,1,0,0,0,0,0,0,0,0,0,0,0,0,0,0,0
731,4.49,,2,8,10.5,West,belgian,0,1,0,0,0,0,0,0,0,1,0,1,0,0,0,0,0
732,3.4,78.0,105,128,5.0,Midwest,belgian,0,0,0,0,1,0,0,0,0,0,0,1,0,0,0,0,0
733,4.17,93.0,3,11,7.2,West,hoppy,0,0,0,0,0,0,1,0,0,1,0,0,0,1,0,0,0
734,3.8,83.0,5,15,7.0,West,belgian,0,1,0,0,0,0,0,0,0,1,0,1,0,0,0,0,0
735,3.66,82.0,17,66,5.0,Midwest,belgian,0,0,0,0,0,0,1,0,0,0,0,1,0,0,0,0,0
736,3.6,,1,3,3.8,West,wild,0,1,0,0,0,0,0,0,0,1,0,0,0,0,0,0,1
737,0.0,,0,0,,West,light,0,1,0,0,0,0,0,0,0,1,0,0,0,0,1,0,0
738,3.79,85.0,61,185,6.0,West,seasonal,0,1,0,0,0,0,0,0,0,1,0,0,0,0,0,1,0
739,4.13,92.0,262,976,8.7,West,hoppy,0,1,0,0,0,0,0,0,0,1,0,0,0,1,0,0,0
740,3.48,80.0,149,195,5.7,West,hoppy,0,0,0,0,0,0,1,0,0,1,0,0,0,1,0,0,0
741,3.86,87.0,1,3,5.5,West,amber,0,0,0,0,0,0,0,0,0,1,0,0,0,0,0,0,0
742,3.67,85.0,24,110,10.3,South,amber,0,1,0,0,0,0,0,0,1,0,0,0,0,0,0,0,0
743,3.87,83.0,4,12,5.3,South,light,0,0,1,0,0,0,0,0,1,0,0,0,0,0,1,0,0
744,4.07,90.0,5,13,6.1,South,wild,0,1,0,0,0,0,0,0,1,0,0,0,0,0,0,0,1
